"id";"name";"cond";"vat"
"9062221";"Nokia N-Gage - Pandemonium! (NEU & OVP)";"0";"0"
"5821756";"PC - Die Siedler - Aufstieg eines KÃ¶nigreichs  CD-Rom (NEU & OVP)";"0";"0"
"9051457";"2 N64 - Controller / Pad #black + Memory Card (NEW & BOXED)";"0";"0"
"5813072";"PC - F.E.A.R Fear Gold MB";"0";"0"
"5799131";"Playstation 1 - Spec Ops - Ranger Elite (mit OVP) (gebraucht)";"1";"2"
"9067567";"Master System - Casino Games (Modul) (gebraucht)";"1";"2"
"5834828";"PC - Sam & Max Season One (Jewelcase) (NEU & OVP)";"0";"0"
"2084150";"PC - QuickVerein 2013 V.9.0 (NEU & OVP)";"0";"0"
"9006134";"GameBoy Color - Walt Disney World Quest - Magical Racing Tour (Modul) (gebraucht)";"1";"2"
"5830196";"Xbox 360|PS3|Wii - VGA Box [XCM]";"0";"0"
"4166729";"Dreamcast - Star Wars: Episode I Racer (mit OVP) (US-Import) (gebraucht)";"1";"2"
"9057291";"Playstation 2 - Baphomets Fluch 3 - Der schlafende Drache (mit OVP) (gebraucht)";"1";"2"
"9030799";"PC - Lego Harry Potter Years 1-4";"0";"0"
"2075819";"PS3 - My Body Coach 2 inkl. Hanteln (NEU & OVP)";"0";"0"
"9061267";"Mega Drive - Konsole MD 2 (inkl. 2 Controller & ZubehÃ¶r) (gebraucht)";"1";"2"
"5803217";;"1";"2"
"1002266";"GameBoy Advance SP - Tasche BigBen #blau/grau (gebraucht)";"1";"2"
"9061775";"PC - Michael Schumacher Worldtour Kart (gebraucht)";"1";"2"
"9034350";"GameBoy - Original Nintendo GB Classic Case - Special Edition (gebraucht)";"1";"2"
"9028016";"N64 - Mario Kart Bundle (inkl. Konsole, 4 Controller & ZubehÃ¶r) (gebraucht)";"1";"2"
"5802815";"SNES - Sunset Riders (Modul)";"1";"2"
"9066997";"Playstation 1 - Toca - World Touring Cars (CD mit Anl.) (gebraucht)";"1";"2"
"9058213";"Playstation 2 - Myth Makers: Super Kart GP (mit OVP) (gebraucht)";"1";"2"
"5813608";"PC - Star Wars JK Mysteries of Sith";"0";"0"
"5835684";"PSP - SpongeBob's Eiskalt entwischt (NEU & OVP)";"0";"0"
"9003218";"Nintendo DS - Viva Pinata ";"0";"0"
"2081584";"Xbox 360 - Sonic & Sega Allstars Racing Cla. (NEU & OVP)";"0";"0"
"2083443";"PC - Youda Farmer (NEU & OVP)";"0";"0"
"9052950";"GameBoy - Tetris (mit OVP) (gebraucht) NEUWERTIG";"1";"2"
"2084880";NULL;"0";"0"
"9043290";"PSP - Driver 76 (NEU & OVP)";"0";"0"
"9075238";"(unbekannt)";"0";"0"
"9055155";"Xbox 360 - Tom Clancy's Hawx 2 (mit OVP) (gebraucht)";"1";"2"
"1002736";"SNES - The 7th Saga (mit OVP) (US-Import) (gebraucht) NEUWERTIG";"1";"2"
"1002886";"PC - 100 Great Games Vol. 2 (nur CD) (gebraucht)";"1";"2"
"9037901";"GameBoy Advance SP - Original Nintendo Tasche GSP1 #grau (gebraucht)";"1";"2"
"9051837";"GameBoy Advance SP - Tasche Hardcase #silber (GBT151) (gebraucht)";"1";"2"
"2080877";"Wii - Wii Battery Pack + USB-Kabel Logic3 (NEU & OVP)";"0";"0"
"9040997";"PSP - GTA Vice City Stories uncut (NEU & OVP) USK18#1";"0";"0"
"9034307";"GameBoy Color - Color Power Set (mit OVP) (gebraucht)";"1";"2"
"5812788";"PC - Anno 1503 WL";"0";"0"
"9072948";"Playstation 2 - Harry Potter und die Kammer des Schreckens + Harry Potter und der Halbblutprinz (mit OVP) (gebraucht)";"1";"2"
"4555709";"GameBoy Advance/DS - Ultimate Spider-Man (Modul mit Anl.) (gebraucht)";"1";"2"
"2070073";"Nintendo 3DS - 3DS Case Silikon schwarz HORI (NEU & OVP)";"0";"0"
"9062363";"Master System - Double Dragon (NEU & OVP)";"0";"0"
"2062803";"PSP - Medievil Resurrection ESSENTIALS (NEU & OVP)";"0";"0"
"9024925";"Xbox 360 - Dead or Alive Xtreme 2";"0";"0"
"9000465";"Nintendo DS - NDS Lite - Stylus & Protection Kit (black) (NEU & OVP)";"0";"0"
"9030752";"Mega Drive - Golden Axe + Streets of Rage + Revenge of Shinobi (Nur Modul) (gebraucht)";"1";"0"
"1000778";"Dreamcast - World Series Baseball 2K1 (US-Version) (mit OVP) (gebraucht)";"1";"2"
"2086652";NULL;"0";"0"
"4141943";"PS3 - Star Wars: The Clone Wars - Republic Heroes (mit OVP) (gebraucht)";"1";"2"
"2078979";"PC - Dawn of Magic 2 (NEU & OVP)";"0";"0"
"5000350";"Dreamcast - Time Stalkers (Whitelabel) (nur CD) (Neuware)";"0";"0"
"5801132";"Saturn - Original 3D Analog Controller (gebraucht)";"1";"2"
"5825694";"GameBoy Color - Crazy Vampire - Dracula (NEU & OVP)";"0";"0"
"1000339";"Playstation 2 - Need for Speed: Underground (nur CD) (gebraucht)";"1";"2"
"4122262";"Playstation 1 - Twisted Metal: Small Brawl (mit OVP) (US-Import) (gebraucht)";"1";"2"
"9071497";"Wii - I'm A Celebrity... Get Me Out of Here! (mit OVP) (gebraucht)";"1";"0"
"2080387";"DVD - Angels & Airwaves - Love Min: 84 (NEU & OVP) (Vorbestellung: Erscheint am 27.04.12)";"0";"0"
"5814975";"Xbox - XIII [auch fÃ¼r Xbox 360] (NEU & OVP)";"0";"0"
"5815732";"Lynx - Gordo 106 (NEU & OVP)";"0";"0"
"9069978";"SNES - Pink Goes to Hollywood (mit OVP) (gebraucht)";"1";"0"
"9057279";"Playstation 2 - Autobahn Raser: Police Madness (mit OVP) (gebraucht)";"1";"2"
"2087889";"PC - FS FSX Airbus X Extended Edition Addon zu FS X (NEU & OVP) (Vorbestellung: Erscheint am 06.09.12)";"0";"0"
"9067737";"Playstation 2 - Nicktoons: Attack of the Toybots (mit OVP) (gebraucht)";"1";"2"
"5817024";"Wii - Wireless Retro Controller (weiÃŸ) [Snakebyte] (gebraucht)";"1";"2"
"2075012";"Wii - We Sing (UK-Import)-Hits (NEU & OVP)";"0";"0"
"9043292";"PS3 - Rainbow Six Vegas 1";"0";"0"
"9072608";"Playstation 2 - Burnout Revenge + Burnout 3 - Takedown + Burnout Dominator (mit OVP) (gebraucht)";"1";"2"
"9070936";"GameBoy Pocket - Konsole #GrÃ¼n (Lautsprecher defekt, mit KopfhÃ¶rern) (gebraucht)";"1";"2"
"1002248";"GameBoy - World Cup USA 94 (Modul mit Anl.) (gebraucht)";"1";"2"
"5830623";"Atari 2600 - Defender II (NEU & OVP)";"0";"0"
"9062951";"Playstation 2 - This is Football 2003 (nur CD) (gebraucht)";"1";"2"
"9053340";"PC - Legendary (gebraucht) USK18";"1";"2"
"9074293";"Nintendo DS - Looney Tunes: Cartoon Concerto (mit OVP) (gebraucht)";"1";"2"
"9000317";"Specials - Universal Play a Long Guitar Kids Plug 'n Play Guitar mit 10 Songs      (NEU & OVP)";"0";"0"
"3691503";"Wii - EA Sports Active: Mehr Workouts (NEU & OVP) #";"0";"1"
"9032399";"PSP - Phantasy Star Portable (NEU & OVP)";"0";"0"
"9040935";"Nintendo DS - DS Pack  Reise Set weiÃŸ";"0";"0"
"5829778";"PSP - Starter Pack";"0";"0"
"4000155";"Master System - World Games (Modul) (gebraucht)";"1";"2"
"2081726";"PC - Titanic Mystery 2 Mord auf der Titanic (NEU & OVP)";"0";"0"
"9068816";"N64 - Official carry case #black (used)";"1";"2"
"9073268";"Xbox - Carve (mit OVP) (gebraucht)";"1";"2"
"9043403";"N64 - 2 Original Nintendo Controller #grau (ausgeleiert) (gebraucht)";"1";"2"
"9066937";"Playstation 1 - Small Soldiers (nur CD) (gebraucht)";"1";"2"
"4839802";"PS3 - Battlefield Bad Company 2 (mit OVP) (gebraucht) USK18";"1";"2"
"9055232";"GameBoy - Zen - Intergalactic Ninja (mit OVP) (gebraucht)";"1";"2"
"9037586";"GameBoy Advance/DS - Dragonball Z - Collectible Card Game (Modul) (gebraucht)";"1";"2"
"9061180";"Mega Drive - F22 Interceptor - Advanced Tactics Fighter (mit OVP) (gebraucht)";"1";"2"
"9020491";"PC - Alice im Wunderland ";"0";"0"
"5813248";"PC - Jules Verne Journey To the Moon";"0";"0"
"9057379";"Playstation 2 - BUZZ Das Pop-Quiz inkl. Buzzer (mit OVP) (gebraucht)";"1";"2"
"2083844";"PC - Fritz Beginner Edition 2012 (NEU & OVP)";"0";"0"
"9051396";"GameBoy - Konsole #Grau (Special Edition) (gebraucht)";"1";"2"
"9067129";"GameBoy Micro - Konsole #Silber (mit OVP ohne Schuber) (gebraucht) ";"1";"2"
"2078976";"PC - Fluch des Blutes (NEU & OVP)";"0";"0"
"9060871";"GameBoy Advance SP - Original AC Adapter (Australisch) (gebraucht) ";"1";"2"
"3789045";"Wii - Speed Force Wireless Racing Wheel [Logitech] (gebraucht)";"1";"2"
"4166871";"Mega Drive - World Series Baseball '95 (mit OVP) (US-Import) (gebraucht)";"1";"2"
"9022883";"PC - Settlers Heritage of Kings Gold";"0";"0"
"9007465";"GameBoy Advance/DS - Spyro Adventure (mit OVP) (gebraucht)";"1";"2"
"9055162";"PS3 - Killzone 2 (Platinum) (mit OVP) (gebraucht) USK18";"1";"2"
"2075232";"Xbox 360 - Champion Jockey (NEU & OVP)";"0";"0"
"5801046";"SNES - Konsole + Controller + AV Kabel + Netzteil (sehr guter Zustand) (gebraucht)";"1";"2"
"9057443";"Playstation 2 - Club Football - AC Mailand (mit OVP) (gebraucht)";"1";"2"
"9055996";"Wii - Mario & Sonic bei den Olympischen Spielen (mit OVP) (gebraucht)";"1";"2"
"5805307";"Playstation 2 - 64 MB Memory Card Speicherkarte (NEU & OVP)";"0";"2"
"9033065";"Nintendo DS - Spiderman: Web of Shadows ";"0";"0"
"9052668";"Xbox 360 - FIFA 09 (mit OVP) (gebraucht)";"1";"2"
"4000006";"Nintendo DS - Sims 2 (nur Modul) (gebraucht)";"1";"2"
"4000005";"Nintendo DS - Bomberman (nur Modul) (gebraucht)";"1";"2"
"9005642";"GameBoy Color - Mulan (Modul) (gebraucht)";"1";"0"
"8237";"Dreamcast - Tee Off Golf (nur CD mit Anleitung, ohne OVP) (gebraucht)";"1";"2"
"9021804";"PSP - Fullmetal Alchemist (NEU & OVP)";"0";"0"
"9039002";"GameBoy Advance/DS - Kong (Modul) (gebraucht)";"1";"0"
"9041093";"Nintendo DS - Touch Darts";"0";"0"
"2081213";"DVD - Outpost - Black Sun -uncut- Min: 97DD5.1WS (NEU & OVP) USK18 (Vorbestellung: Erscheint am 27.04.12)";"0";"0"
"5805663";"Jason Johnson's Pro Tips Unlimited SEGA";"0";"2"
"2075449";"Xbox 360 - Kinect Big League Sport (NEU & OVP)";"0";"0"
"9063162";"Mega Drive - Shining in the Darkness (Modul) (gebraucht)";"1";"2"
"2083468";"PC - PC Mousepad QcK Diablo 3 Wizard Edition (NEU & OVP)";"0";"0"
"7216";"NES - Super Mario Bros 3 (Modul) (PAL-B) (gebraucht)";"1";"2"
"9029093";NULL;"0";"0"
"2081309";"Wii - UFC Trainer (AT-Import) (NEU & OVP) USK18";"0";"0"
"1000799";"Playstation 1 - Original Sony Controller PSOne #rot-transparent SCPH-110 (gebraucht)";"1";"2"
"9074303";"Atari 2600 - Die Ratte und die Karotten (Modul) (gebraucht)";"1";"2"
"9075216";"(unbekannt)";"0";"0"
"2087400";NULL;"0";"0"
"9029713";"Nintendo DS - Blue Dragon Awakened Shadow";"0";"0"
"9007725";"GameBoy Advance/DS - Power Rangers - Dino Thunder (Modul) (gebraucht)";"1";"2"
"9002885";"PS3 - Fifa 2010";"0";"0"
"9038701";"GameBoy Advance/DS - Backyard Basketball (Modul) (gebraucht)";"1";"0"
"9068968";"Xbox - Barbie - Pferdeabenteuer [auch fÃ¼r Xbox 360] (mit OVP) (gebraucht)";"1";"2"
"9030760";"Mega Drive - Sonic & Knuckles (Modul) (gebraucht)";"1";"2"
"9067467";"Atari 2600 - Phantom-Panzer (mit OVP, sehr guter Zustand) (gebraucht)";"1";"2"
"2066320";"Nintendo DS - Trackmania Turbo (NEU & OVP)";"0";"0"
"2087474";NULL;"0";"0"
"9071441";"Wii - GTI Club Supermini Festa! (mit OVP) (gebraucht)";"1";"0"
"2086061";NULL;"0";"0"
"9025073";"Dreamcast - Netzkabel/Stromkabel fÃ¼r Dreamcast/Playstation 1&2/Saturn/Xbox (gebraucht) ";"1";"2"
"5835656";"PSP - Transformers 2 (NEU & OVP)";"0";"0"
"9073528";"GameBoy Color - Action Replay inkl. Pokemon Codes (auch fÃ¼r GameBoy Pocket) (mit OVP) (gebraucht)";"1";"2"
"9002558";"N64 - Turok - Rage Wars (Modul) (US-Import) (gebraucht)";"1";"0"
"9050190";"Playstation 1 - Power Move Pro Wrestling (mit OVP) (gebraucht)";"1";"2"
"9000336";"N64 - Aerofighters Assault (Modul) (gebraucht)";"1";"2"
"9065575";NULL;"0";"0"
"9037540";"GameBoy Advance - Konsole + 13 Spiele + viel ZubehÃ¶r (gebraucht) SET #1";"1";"2"
"9025005";"GameBoy - Choplifter 2 Rescue Survive (Modul) (gebraucht)";"1";"2"
"9027504";"PS3 - Splitfish FragFX Controller";"0";"0"
"9068307";"GameBoy - Mortal Kombat 1 (mit OVP) (gebraucht) NEUWERTIG";"1";"2"
"9070329";"PC - Command & Conquer: Red Alert 2 (gebraucht)";"1";"2"
"1002389";"Spieleberater - PSone Classics (gebraucht)";"1";"2"
"2083173";"Nintendo 3DS - Madagascar 3 (NEU & OVP) (Vorbestellung: Erscheint am 14.09.12)";"0";"0"
"9027518";"PSP - Valkyria Chronicles 2 (NEU & OVP)";"0";"0"
"5222364";"PSP - The Best Goals of Fifa Cup 2005/2006";"0";"0"
"4001216";"PC - Sins of a Solar Empire (nur CD) (gebraucht)";"1";"2"
"2084282";"Xbox 360 - XB360 Controller wl WildFire EVO (LCD) mit Combat Command LCD Display grau (NEU & OVP) (Vorbestellung: Ersche";"0";"0"
"4820320";"Playstation 1 - Time Crisis: Project Titan + G-Con (NEU & OVP)";"0";"0"
"9053221";"Nintendo DS - Sonic Rush (Modul) (gebraucht)";"1";"2"
"5820102";"Xbox - James Bond 007 Nightfire (mit OVP) (gebraucht)";"1";"2"
"9067516";"Playstation 2 - Controller Gamax Pad (mit OVP) (gebraucht)";"1";"2"
"5820771";"Nintendo DS - High School Musical 2 - Work This out";"0";"0"
"5801102";"Mega Drive - original Arcade Power Stick 2 Modell MK-1627-44 (gebraucht)";"1";"2"
"2081434";"PS3 - Megamind (NEU & OVP)";"0";"0"
"9064205";"Playstation 1 - Rugrats in Paris: The Movie (CD mit Anl.) (gebraucht)";"1";"2"
"9070625";"GameBoy Color - Holy Magic Century (Modul) (gebraucht)";"1";"2"
"5002115";"Xbox - Futurama [auch fÃ¼r Xbox 360] (mit OVP) (gebraucht)";"1";"0"
"1001725";"Atari Jaguar - Doom (mit OVP) (gebraucht) NEUWERTIG USK18";"1";"2"
"9059042";"Playstation 2 - Yu-Gi-Oh! - Tag Force Evolution (mit OVP) (gebraucht)";"1";"2"
"5825129";"PC - Rome Total War GOLD";"0";"0"
"5835501";"PS3 - Call of Duty 4: Modern Warfare USK18";"0";"0"
"9033565";"PSP - Killzone Liberation (NEU & OVP)";"0";"0"
"5833193";"Playstation 1 - Psychic Detective (mit OVP) (gebraucht)";"1";"0"
"5825066";"GameCube - 16M Memory Card (NEU & OVP)";"0";"0"
"9072238";"SNES - Thunder Spirits (Modul) (US-Import) (gebraucht)";"1";"0"
"5803585";"NES - Lemmings (mit OVP) (PAL-B) (gebraucht)";"1";"2"
"2080442";"Blu-Ray - Le Havre Min: 94DD5.1WS (NEU & OVP) (Vorbestellung: Erscheint am 30.03.12)";"0";"0"
"9058846";"Playstation 2 - Tiger Woods PGA Tour 2003 (mit OVP) (gebraucht)";"1";"2"
"1003143";"Dreamcast - Grandia II (2) (mit OVP) (gebraucht) NEUWERTIG";"1";"2"
"1000676";"Saturn - Pinball Graffiti (mit OVP) (gebraucht)";"1";"2"
"9022193";"PC - Battlefield 2";"0";"0"
"2081151";"DVD - Unsere kleine Farm StaFinal Fantasyel #5 6DVD Min: 1125MonoVB Universal (NEU & OVP) (Vorbestellung: Erscheint am 0";"0";"0"
"9051002";"N64 - Knife Edge (boxed) (used)";"1";"2"
"9052017";"PC - Brothers in Arms: Road to Hill 30 (mit OVP) (gebraucht) USK18";"1";"2"
"5000189";"PC - Die VÃ¶lker (gebraucht)";"1";"2"
"9040373";"Nintendo DS - DS Pack  Pro  blaui";"0";"0"
"1002560";"GameBoy Color - One piece maboroshi no grande line (mit OVP) (JAP-Import) (gebraucht)";"1";"2"
"5822755";"PSP - Sony-Tasche PSP50 [Sony]";"0";"0"
"5819819";"PSP - Iron Man (NEU & OVP)";"0";"0"
"9042904";"Nintendo DS - CSI UngelÃ¶ste FÃ¤lle";"0";"0"
"5815446";"GameBoy Advance - Ersatzlinse / Screen  (NEU & OVP)";"0";"0"
"4001150";"PC - Anno 1701 (gebraucht)";"1";"2"
"9008214";"GameBoy Advance/DS - Agent Hugo - Roborumble (Modul) (gebraucht)";"1";"2"
"5799056";"Playstation 1 - Alien - Die Wiedergeburt / Resurrection (mit OVP) (gebraucht)";"1";"2"
"9053366";"Playstation 2 - F1 06 (mit OVP) (gebraucht)";"1";"2"
"9052843";"GameCube - Konsole lila + Wave Race + 2 Controller (gebraucht)";"1";"2"
"9024998";"GameBoy - Battletoads in Ragnarok's World (Modul) (gebraucht)";"1";"2"
"4000204";"Mega Drive - NHL 97 (mit OVP) (gebraucht)";"1";"2"
"9020671";"Apple / Mac - Civilization IV: Beyond the Sword (Add On)";"0";"0"
"9058169";"Playstation 2 - Monster Jam: Urban Assault (mit OVP) (gebraucht)";"1";"2"
"4200218";"Atari 2600 - Original Trak-Ball Controller (gebraucht)";"1";"2"
"9004972";"SNES - Ranma 1/2: Akaneko Dan Teki Hihou (Modul) (gebraucht)";"1";"2"
"9051087";"SNES - Super Soccer (mit OVP) (gebraucht) ";"1";"2"
"5829792";"PSP - NERF Armor |PSP-2000|";"0";"0"
"5815275";"NES - NES/Mega Drive - Ninja Cleaner-Reinigungsset fÃ¼r Konsole und Spiele (NEU & OVP)";"0";"0"
"5829408";"Nintendo DS - Licensed Case Protector: *BLUE* (DSLiTE) (NEU & OVP)";"0";"0"
"2085200";NULL;"0";"0"
"9060134";"Xbox - Logitech Cordless Headset / KopfhÃ¶rer [Logitech] (mit OVP) (gebraucht) DEFEKT";"1";"2"
"9062667";"Amiga - World Class Rugby (NEU & OVP)";"0";"0"
"5813770";"PC - Atlantis 2";"0";"0"
"9032306";"PSP - Ghost Recon Advanced Warfighter 2 (NEU & OVP)";"0";"0"
"2086763";NULL;"0";"0"
"9033561";"PSP - Nba 2006 (NEU & OVP)";"0";"0"
"5802690";"SNES - NBA All-Star Challenge (Modul) (gebraucht)";"1";"2"
"9046893";"Playstation 1 - Resident Evil - Survivor (mit OVP) (gebraucht)";"1";"2"
"5005034";;"1";"2"
"9049645";"Playstation 1 - Animal Snap - Rescue Them 2 By 2 (mit OVP) (gebraucht)";"1";"2"
"5826385";"PSP - Activision Hits Remixed (NEU & OVP)";"0";"0"
"9046527";"Playstation 1 - Army Men 3D (mit OVP) (gebraucht)";"1";"2"
"4200359";"Intellivision - Snafu (nur Modul) (gebraucht)";"1";"2"
"9040257";"GameBoy - FIFA Soccer 96 (Modul) (gebraucht)";"1";"2"
"9049634";"Playstation 1 - Agile Warrior F-111X (mit OVP) (gebraucht)";"1";"2"
"9057461";"Playstation 2 - Commandos 2: Men of Courage (mit OVP) (gebraucht)";"1";"2"
"3992803";"PC - Spiele-Hits Doppel-Pack fÃ¼r Windows: Sudoku & Mahjongg (NEU & OVP) #";"0";"2"
"2081664";"PSVita - FIFA 12 PSV (NEU & OVP)";"0";"0"
"4000258";"Saturn - Break Point (mit OVP) (gebraucht)";"1";"2"
"9049469";"Playstation 1 - Future Racer (mit OVP) (gebraucht)";"1";"2"
"9038530";"GameBoy Advance/DS - SpongeBob Schwammkopf - Bikini Bottom (mit OVP) (gebraucht)";"1";"2"
"4141706";"GameBoy Advance/DS - Pokemon - Video - A hot water battle + For Ho-Oh the Bells Toll! (Modul) (gebraucht)";"1";"2"
"4141890";"Xbox 360 - Dark Souls (mit OVP) (gebraucht) USK18";"1";"2"
"9034590";"N64 - Banjo - Kazooie Spieleberater (gebraucht)";"1";"2"
"5825578";"GameBoy Color - Alone in the Dark - The New Nightmare (NEU & OVP) verschweiÃŸt";"0";"0"
"9031929";"GameBoy - Prince of Persia (Modul) (gebraucht)";"1";"2"
"9001793";"Playstation 1 - Original Multitab Adapter / 4 Spieler Adapter (SCPH-1070) [Sony] (NEU & OVP)";"0";"0"
"9025937";"Xbox - Crash N Burn (mit OVP) (gebraucht)";"1";"2"
"9051699";"N64 - Controller Performance SuperPad Colours #blau (gebraucht)";"1";"2"
"9054567";"Dreamcast - Maken X (nur CD) (gebraucht)";"1";"2"
"5000548";"Specials - Video zu VGA-Konverter-Box (NEU & OVP)";"0";"0"
"9072270";;"1";"0"
"9025357";"PC - Mass Effect ";"0";"0"
"9072100";"Wii - U-SING: U've got talent! (mit OVP) (gebraucht)";"1";"0"
"4000340";"Xbox - Blood Rayne 2 (mit OVP) (gebraucht) USK18#1";"1";"2"
"2083724";"PC - PC Mouse Razer Abyssus Mirror (NEU & OVP)";"0";"0"
"2083992";"PS3 - All Star Battle Royal (NEU & OVP) USK18 (Vorbestellung: Erscheint am 30.10.12)";"0";"0"
"4001242";"PC - STALKER: Complete Edition (gebraucht) USK18";"1";"2"
"9023454";"Xbox 360 - Tiger Woods PGA Tour 08";"0";"0"
"9023468";"Xbox 360 - WWE: SmackDown! vs. RAW 2009";"0";"0"
"9069557";NULL;"0";"0"
"9054600";"Dreamcast - Tokyo Highway Challenge (Whitelabel) (nur CD mit Anleitung, ohne OVP) (gebraucht)";"1";"2"
"9051896";"N64 - Dual Heroes (mit OVP) (gebraucht)";"1";"2"
"9034589";"Mega Drive - Original Sega Receiver fÃ¼r Sega Menacer (gebraucht)";"1";"2"
"9074552";"Nintendo DS - Konsole Lite #Crimson Red Black (inkl. Netzteil) (2. Wahl / Starke Gebrauchsspuren) (gebraucht)";"1";"2"
"1001129";"GameBoy Advance/DS - Mega Man - Battle Network (mit OVP) (gebraucht)";"1";"2"
"9043447";"Nintendo Wii - Pistole Revolver (House o.t.Dead)";"0";"0"
"9028811";"PC - The Lord Of The Rings Online Shadow Of Angmar Gold Edition";"0";"0"
"9075525";"(unbekannt)";"0";"0"
"5820907";"Nintendo DS - Bangai-O Spirits";"0";"0"
"5805368";"PSP - Wifi Max |PS3|Wii|NDS|PSP|";"0";"0"
"2084995";"Wii - Wii-Fit PLUS (NEU & OVP)";"0";"0"
"9075318";"Wii - Konsole #weiÃŸ Riesiges Set mit viel ZubehÃ¶r 1 (gebraucht)";"1";"2"
"1002687";"GameBoy Advance/DS - Rechargeable Battery Pack mit Netzteil (mit OVP) (gebraucht)";"1";"2"
"2085104";NULL;"0";"0"
"9029660";"SNES - Paper Boy 2 (Modul) (gebraucht) ";"1";"2"
"2088128";"PC - Hearts - Royal Club (NEU & OVP) (Vorbestellung: Erscheint am 01.10.12)";"0";"0"
"9070944";"Playstation 2 - This is Football 2004 (NEU & OVP)";"0";"2"
"9002587";"Playstation 2 - 128 MB Memory Card (NEU & OVP)";"0";"2"
"5829160";"Playstation 2 - Eaxus Singstar 5in1 Adapter (NEU & OVP)";"0";"2"
"9070021";"Nintendo 3DS - Rabbids 3D (gebraucht)";"1";"2"
"9073910";"SNES - Nintendo RGB Scart Kabel groÃŸer Stecker [verschiedene Hersteller] (gebraucht)  ";"1";"0"
"9051237";"Mega Drive - Controller Competition Pro 3 Button (gebraucht)";"1";"2"
"5805772";"NES - Soccer (Modul) (PAL-B) (gebraucht)";"1";"2"
"9007790";"GameBoy Advance/DS - Killer Pool 3D (Modul) (gebraucht)";"1";"2"
"5822146";"PC - Test Drive Unlimited";"0";"0"
"9071900";"Wii - Scarface: The World is Yours (mit OVP) (gebraucht) USK18#1";"1";"2"
"2084052";"Xbox 360 - Hitman Absolution (UK-Import) (NEU & OVP) USK18 (Vorbestellung: Erscheint am 20.11.12)";"0";"0"
"2087303";"PS3 - Lego Herr der Ringe (NEU & OVP) USK18 (Vorbestellung: Erscheint am 26.10.12)";"0";"0"
"9053860";"GameBoy Advance/DS - 3 in 1 - SpongeBob Supersponge / Rugrats - I got Party / Tak: Power of Juju (Modul) (gebraucht)";"0";"2"
"9042845";"N64 - Top Gear Overdrive (mit OVP) (gebraucht)";"1";"2"
"2080432";"DVD - Perrine Komplette Serie (NEU & OVP) (Vorbestellung: Erscheint am 19.03.12)";"0";"0"
"5826914";"Xbox 360 - Original Controller #weiÃŸ";"0";"0"
"4555601";"GameBoy - Disney's Hercules (Modul mit Anl.) (gebraucht)";"1";"2"
"5829885";"MP-61 Cordless 6W Soldering Iron";"0";"0"
"5828528";"PS3 - Lair (NEU & OVP)";"0";"0"
"5799599";"Playstation 1 - The Sword of Camelot (mit OVP) (gebraucht)";"1";"2"
"1000120";"N64 - Excitebike 64 (mit OVP) (gebraucht)";"1";"2"
"9007817";"GameBoy Advance/DS - Mega Man - Battle Network 5 Team Protoman (Modul) (gebraucht)";"1";"2"
"2079963";"Blu-Ray - What a man (NEU & OVP) (Vorbestellung: Erscheint am 09.03.12)";"0";"0"
"9073397";"Playstation 2 - World Championship Poker (nur CD) (gebraucht)";"1";"2"
"9040940";"Wii - Memory Card 64MB (1019 Block) nur fÃ¼r Game Cube Spiele";"0";"0"
"2078675";"DVD - Footloose (DVD) 2011 Min: DD5.1WS (Vorbestellung: Erscheint am 23.02.2012)";"0";"0"
"9046848";"Playstation 1 - Ein KÃ¶nigreich fÃ¼r ein Lama / The Emperor's New Groove (mit OVP) (gebraucht)";"1";"2"
"9041151";"Nintendo DS - DS Pack  Deluxe 15  whitei";"0";"0"
"5822566";"PS3 - HAZE (NEU & OVP) USK18";"0";"0"
"2081055";"DVD - KindermÃ¶rder, Der (NEU & OVP) USK18 (Vorbestellung: Erscheint am 26.04.12)";"0";"0"
"9051360";"Sinclair ZX Spectrum - Xenon (gebraucht)";"1";"2"
"2086607";NULL;"0";"0"
"5810919";"GameCube/Wii - Winnie Puuh - Kunterbunte Abenteuer (Disney) (mit OVP) (gebraucht)";"1";"2"
"2084670";"PC - Far Cry (NEU & OVP) USK18";"0";"0"
"9058455";"Playstation 2 - RTL Biathlon 2009 (mit OVP) (gebraucht)";"1";"2"
"7895";"NES - Astyanax (Modul) (US-Import) (gebraucht)";"1";"2"
"9029699";"Specials - Pokemon Tin Deck Box - 17 - Raikou  9er Box";"0";"0"
"1003156";"SNES - Bill Laimbeers Combat Basketball (Modul) (US-Import) (gebraucht)";"1";"2"
"2079895";"DVD - Thing, The -2011- Min: 99DD5.1WS [Remake] (NEU & OVP) (Vorbestellung: Erscheint am 22.03.12)";"0";"0"
"9052650";"Nintendo DS - Scribblenauts (gebraucht)";"1";"2"
"9052852";"GameCube - Konsole lila + Donkey Konga + 2 Bongo Controller + Controller (gebraucht)";"1";"2"
"5829344";"Nintendo DS - Extras Pack for DS Lite (NEU & OVP)";"0";"0"
"4730539";"Playstation 2 - Genji (nur CD) (gebraucht)";"1";"2"
"4200262";"Game Gear - Heavyweight Champ (Modul) (gebraucht)";"1";"2"
"9000052";"Playstation 2 - Wireless Controller (schwarz) (NEU & OVP)";"0";"2"
"5000342";"Dreamcast - Sega Extreme Sports (NEU & OVP)";"0";"2"
"9043445";"Playstation 2 - Controller Wireless RF Analog 2.4GHz farblich sortiert (NEU & OVP)";"0";"2"
"2087810";"PC - Coffee Rush Trilogie (NEU & OVP)";"0";"0"
"2085925";"PC - Geheime FÃ¤lle: BEST OF Vol. 3 Wimmelbild (NEU & OVP)";"0";"0"
"2085329";"HÃ¶rbuch - HB Percy Jackson: Diebe im Olymp Rick Riordan (NEU & OVP)";"0";"0"
"9030168";"GameCube - RGB Scart Kabel, auch fÃ¼r Nintendo 64 und SNES (verschiedene Hersteller) (gebraucht)";"1";"2"
"2079952";"Nintendo DS - Shin Megami Tensei DS Devil Survivor2 US (NEU & OVP) USK18";"0";"0"
"9067562";"GameBoy - Dropzone (Modul) (gebraucht)";"1";"2"
"9065488";"GameBoy Color - Silly Go Lucky! (mit OVP) (JAP-Import) (gebraucht) NEUWERTIG";"1";"2"
"5806739";"Mega Drive - NFL Football '94: starring Joe Montana (mit OVP) (US-Import) (gebraucht)";"1";"2"
"5825741";"Nintendo DS - Bella Sara";"0";"0"
"9057326";"Playstation 2 - Beyond Good & Evil (mit OVP) (gebraucht)";"1";"2"
"9052715";"PS3 - God of War 3 (mit OVP) (gebraucht) USK18";"1";"2"
"4000856";"Playstation 2 - James Bond 007 - LiebesgrÃ¼ÃŸe aus Moskau (nur CD) (gebraucht)";"1";"2"
"5809491";"Master System - Der KÃ¶nig der LÃ¶wen (mit OVP) (gebraucht)";"1";"2"
"9005886";"GameBoy - Printer (gebraucht)";"1";"2"
"9031636";"PS3 - Royds Arcade Stick EX (gebraucht)";"1";"0"
"1000867";"GameBoy Color - Konsole #clear-blue ANA Air-Line Special Edition (sehr guter Zustand) (JAP-Import) (gebraucht)";"1";"2"
"9029798";"PC - Football Manager 2010 & MAC USK18#1";"0";"0"
"9003541";"PS3 - Major League Baseball 2K7 + free MLB.tv 14-day Trial";"0";"0"
"2084314";"PC - Pro Train Perfect 2 Addon 14 Halle - Leipzig (NEU & OVP) (Vorbestellung: Erscheint am 25.10.12)";"0";"0"
"4166856";"Mega Drive - Teenage Mutant Ninja Turtles: Tournament Fighters (Modul) (US-Import) (gebraucht)";"1";"2"
"9047671";"Playstation 1 - Memory Card 16MB [verschiedene Hersteller] (gebraucht)";"1";"2"
"9052864";"N64 - Console + Pokemon Stadium 1 + Pokemon Snap + 2 Controller (used)";"1";"2"
"9055521";"Wii - Wii Fit + Balance Board (inkl. Waage) #schwarz (NEU & OVP)";"0";"0"
"9050196";"Playstation 1 - Sports Car GT (mit OVP) (gebraucht)";"1";"2"
"5815526";"GameCube/Wii - Tom Clancy's Ghost Recon (mit OVP) (gebraucht)";"1";"2"
"9064662";NULL;"0";"0"
"9002791";"Xbox 360 - Original Memory Unit 8X (512MB) inkl. Worms Game (NEU & OVP)";"0";"0"
"9055297";"PS3 - Killzone 2 (Steelbook Edition) USK18";"0";"2"
"4200359";"Intellivision - Snafu (nur Modul) (gebraucht)";"1";"2"
"9073531";"GameBoy Advance/DS - Soccer Kid (nur Modul) (gebraucht) ";"1";"2"
"9073541";"GameBoy Color - 102 Dalmatiner Puppies to the Rescue (nur Modul) (gebraucht)";"1";"2"
"9068769";"GameBoy Color - Action Replay (nur Modul) (gebraucht)";"1";"2"
"5799228";"Playstation 1 - GTA 2 - Grand Theft Auto 2 (mit OVP) (gebraucht)";"1";"2"
"2081946";"PSVita - Shinobido 2 PSV Revenge of Zen (NEU & OVP)";"0";"0"
"5820534";"GameBoy Color - Radio gemischt [BigBen] (NEU & OVP)";"0";"0"
"9060320";"Xbox 360 - Soul Calibur IV (mit OVP) (gebraucht)";"1";"2"
"5830972";"PC - City Life";"0";"0"
"5804719";"GameBoy Advance - Stereo Amplifier -pink- (NEU & OVP)";"0";"0"
"9042166";"Dreamcast - Konsole + Virtua Tennis 1 + Controller + ZubehÃ¶r (gebraucht)";"1";"2"
"5802970";"N64 - Body Harvest (boxed) (used)";"1";"2"
"5799332";"Playstation 1 - Swagman (mit OVP) (gebraucht)";"1";"2"
"2083783";"Merchandise - T-Shirt Battlefield 3 Logo S black (NEU & OVP)";"0";"0"
"9022942";"PC - Treasure Island 2";"0";"0"
"9007157";"GameBoy Advance/DS - Metroid Fusion (Modul) (gebraucht)";"1";"2"
"9029004";"N64 - NBA Live 99 (Modul) (gebraucht)";"1";"2"
"2083388";"PC - Freundin: Ghost Mysteries A true Ghost Story (NEU & OVP)";"0";"0"
"10167";"Master System - Shanghai (mit OVP) (gebraucht)";"1";"2"
"2082598";"Wii - Country Dance (NEU & OVP)";"0";"0"
"5820932";"Nintendo DS - Asterix Brain Trainer  Dual Screen";"0";"0"
"2087498";NULL;"0";"0"
"9040376";"Nintendo DS - DS-X Pack Starter silber  Logic3";"0";"0"
"9051615";"Philips Videopac - #11 Cosmic Conflict (mit OVP) (gebraucht)";"1";"2"
"9053463";"Saturn - Sonic 3D Blast (mit OVP) (US-Import) (gebraucht)";"1";"2"
"9066874";NULL;"0";"0"
"5803031";;"1";"2"
"9001620";"Playstation 2 - Solid Black Controller (schwarz) (NEU & OVP)";"0";"2"
"5000380";"Nintendo DS - KFZ Power Adapter 12V fÃ¼r NDS / NDS Lite & Gameboy SP (NEU & OVP)";"0";"2"
"5814774";"Xbox 360 - Chromehounds (mit OVP) (gebraucht)";"1";"2"
"1001991";"Xbox - Red Faction 2 [auch fÃ¼r Xbox 360] (nur CD) (gebraucht) USK18#1";"1";"2"
"2081043";"Blu-Ray - Gestiefelte Kater, Der 2011 (NEU & OVP) (Vorbestellung: Erscheint am 26.04.12)";"0";"0"
"9060743";"Mega Drive - Hook (mit OVP) (gebraucht)";"1";"2"
"9033697";"PS3 - Dead to Rights: Retribution ";"0";"0"
"9062769";"SNES - Ogre Battle (NEU & OVP)";"0";"0"
"9075121";"(unbekannt)";"0";"0"
"9027435";"PC - Warhammer 40.000 Dawn of War: Winter Assault ";"0";"0"
"9005892";"GameBoy Color - X-Men - Mutant Academy (Modul) (gebraucht)";"1";"2"
"9008181";"GameBoy Advance/DS - Final Fantasy V Advance (Modul) (gebraucht)";"1";"0"
"5812092";"PSP - PlayGear Mod KopfhÃ¶rer [Logitech] (NEU & OVP)";"0";"0"
"9033448";"Nintendo DS - Major League Baseball 2K8 Fantasy All-Stars ";"0";"0"
"2082801";"PC - Dragon Age Origins (NEU & OVP) USK18";"0";"0"
"9049659";"Playstation 1 - Asterix: Mega Madness (mit OVP) (gebraucht)";"1";"2"
"9052683";"Xbox 360 - Konsole 20 GB (inkl. Netzteil) (ohne Controller) (gebraucht) BUNDLEARTIKEL";"1";"2"
"9054550";"Dreamcast - Dino Crisis (nur CD) (gebraucht)";"1";"2"
"5825625";"GameBoy - Hyper Lode Runner - The Labyrinth of Doom (NEU & OVP)";"0";"0"
"9000423";"Nintendo DS - NDS Lite - Modding Skin [Crazy Cat] NDSL (NEU & OVP)";"0";"0"
"9031070";"SNES - Twinbee - Rainbow Bell Adventure (mit OVP) (JAP-Import) (gebraucht)";"1";"2"
"2080186";"Nintendo DS - Monster High PROMOPACK (NEU & OVP)";"0";"0"
"5812946";"PC - Condemned";"0";"0"
"9025392";"PSP - Daxter (NEU & OVP)";"0";"0"
"9031286";"GameBoy - Chessmaster (Modul) (gebraucht)";"1";"2"
"9060440";"Xbox - Battle Engine Aquila [auch fÃ¼r Xbox 360] (mit OVP) (gebraucht)";"1";"2"
"9062270";"NES - RBI Baseball (NEU & OVP)";"0";"0"
"9074792";"PC - Sam & Max Season One (CD mit Anl.) (gebraucht)";"1";"2"
"5826527";"PC - Napoleons Campaigns";"0";"0"
"2083343";"Merchandise - Pokemon Cards BW 02 Themendeck 8-er Display 8 Pack (Themendeck) deutsch Aufstreben der MÃ¤chtigen (NEU & O";"0";"0"
"9054407";"Saturn - Virtua Gun [Sega] (mit OVP) (gebraucht)";"1";"2"
"9054948";"NES - Tiny Toon Adventures 2: Trouble in Wacky Land (Modul mit Anl.) (PAL-B) (gebraucht)";"1";"2"
"9031262";"SNES - NBA Live '97 (mit OVP) (gebraucht)";"1";"2"
"5815640";"Xbox 360 - Ladekabel fÃ¼r Wireless Controller (NEU & BULK)";"0";"2"
"1002624";"GameBoy Color - Armorines in Project Swarm (NEU & OVP)";"0";"0"
"2059889";"Wii - Bibi Blocksberg Hexenbesenrennen (NEU & OVP)";"0";"0"
"9072829";"Playstation 2 - Tiger Woods PGA Tour 3er Pack 6 (mit OVP) (gebraucht)";"1";"2"
"9047132";"PS3 - SW Force Unleashed 2 CE US Star Wars";"0";"0"
"5000375";"N64 - VerlÃ¤ngerung Joypad 2m (NEU & OVP)";"0";"2"
"2086923";NULL;"0";"0"
"9005236";"N64 - Controller / Pad #grau [Retro64]  (NEU & OVP) ";"0";"0"
"9041898";"Atari 2600 - Konsole CX 2600 A - Darth Vader (inkl. 2 Controller & ZubehÃ¶r) (gebraucht)";"1";"2"
"1001682";"Nintendo DS - Challenge Me: Maths Workout (mit OVP) (gebraucht)";"1";"2"
"9049373";"Playstation 1 - GP Challenge (mit OVP) (gebraucht)";"1";"2"
"9075123";"(unbekannt)";"0";"0"
"9049482";"Playstation 1 - Ace Combat 2 (mit OVP) (gebraucht)";"1";"2"
"9070909";"GameBoy Color - Pokemon - Silberne Edition (Deutsche Version) (mit OVP) (gebraucht) NEUWERTIG";"1";"2"
"9060434";"Xbox - Urbz Sims in the City [auch fÃ¼r Xbox 360] (mit OVP) (gebraucht)";"1";"2"
"2081955";"PSP - Go! Sudoku Platinum (NEU & OVP)";"0";"0"
"2059729";"PC - Junior Trainz (NEU & OVP)";"0";"0"
"4000249";"N64 - Original Nintendo 64 Spiele Store Box (gebraucht)";"1";"2"
"9050962";"GameBoy - Original KopfhÃ¶rer (NEU & BULK)";"0";"2"
"2035877";"PS3 - PS3 Kamera Eye Create Original (NEU & OVP)";"0";"0"
"9073340";"SNES - F-Zero (Modul mit Anleitung) (gebraucht)";"0";"0"
"2083096";"Wii - Zumba Fitness 2 (NEU & OVP)";"0";"0"
"5817264";"Nintendo DS - Crystal Case fÃ¼r NDS Lite (blau) (NEU & OVP)";"0";"0"
"5825402";"GameBoy Color - Track & Field Summer Games (NEU & OVP)";"0";"0"
"9006274";"GameBoy Color - Denki Blocks (Modul) (gebraucht)";"1";"2"
"9050202";"Playstation 1 - NBA Live 96 (mit OVP) (gebraucht)";"1";"2"
"9007304";"GameBoy Advance/DS - Tom & Jerry - The Infurnal Escape (Modul) (gebraucht)";"1";"2"
"9001757";"PS3 - Quake Wars Enemy Territory ";"0";"0"
"5823220";"PS3 - Rainbow Six Vegas USK18";"0";"0"
"9032193";"Nintendo DS - My Stop Smoking Coach with Allen Carr ";"0";"0"
"5811205";"GameCube/Wii - NBA Live 06 (mit OVP) (gebraucht)";"1";"2"
"4000312";"Master System - Impossible Mission (mit OVP) (gebraucht)";"1";"2"
"9060122";"Xbox 360 - Forza Motorsport 3 Limited Collector's Edition (mit OVP) (gebraucht)";"1";"2"
"9058021";"Playstation 2 - King of Fighters Maximum Impact 2 (mit OVP) (gebraucht)";"1";"2"
"9001693";"Nintendo DS - DSi - Snakebyte Universal Screen Protector   (NEU & OVP)";"0";"0"
"9037534";"GameBoy Color - Gifty (Modul) (gebraucht)";"1";"2"
"2085046";"PC - PROXMA Super DVD Creator (NEU & OVP)";"0";"0"
"9050410";"Atari 2600 - Computek Turbo Joystick (gebraucht)";"1";"2"
"2070058";"PSP - James Cam. Avatar - Das Spiel ESSEN TIALS (NEU & OVP)";"0";"0"
"9040516";"Nintendo DS - DS-X Schutzfolie  Brooklyn";"0";"0"
"5819701";"PC - Fighter Squadron SIE  ";"0";"0"
"5730223";"3DO - Digital Dreamware (NEU & OVP)";"0";"0"
"4000141";"Master System - Rainbow Islands (Modul) (gebraucht)";"1";"2"
"2080115";"Wii - Last Story Spec. Edition limitiert (NEU & OVP)";"0";"0"
"2074962";"Xbox 360 - Fifa 11 CLASSIC (NEU & OVP)";"0";"0"
"766683";"GameBoy Color - Konsole #NeongrÃ¼n (mit Frontlight) (wie NEU, mit neuem Display) (gebraucht)";"1";"2"
"9034590";;"1";"2"
"9050891";"GameBoy Advance/DS - Findet Nemo - Das Abenteuer geht weiter (mit OVP) (gebraucht)";"1";"2"
"9023231";"PC - Cluefinders Year 6 Adv.";"0";"0"
"5803209";"N64 - Mario Golf (cartridge only) (used)";"1";"2"
"9020591";"PC - East India Company Collection";"0";"0"
"1003437";"Atari 7800 - Sentinel (NEU & OVP)";"0";"0"
"9001584";"Xbox 360 - The Legend of Spyro: Dawn of the Dragon";"0";"0"
"1000692";"GameBoy - Alien Olympics (Modul) (gebraucht)";"1";"2"
"1002481";"Nintendo DS - Stylus Teleskop #rot/silber (gebraucht)";"1";"2"
"5000114";"Saturn - Lenkrad (ohne Pedale) (gebraucht)";"1";"2"
"4810304";"GameBoy Color - Konsole #Green & Gold Neotones Edition (sehr guter Zustand) (mit OVP) (gebraucht)";"1";"2"
"9002698";"PSP - Component + Composite AV Kabel mit USB Anschluss [BlazePro] |PSP-N1000| (NEU & BULK)";"0";"0"
"9069150";"PC - Der Goldene Kompass (CD/DVD Case) (gebraucht)";"1";"2"
"9071236";"Wii - Der Goldene Kompass (mit OVP) (gebraucht)";"1";"0"
"2079635";"DVD - Tatort BOX: Klassiker #2 3DVDs (NEU & OVP) (Vorbestellung: Erscheint am 22.03.12)";"0";"0"
"5806179";"Mega Drive - QuackShot: starring Donald Duck (mit OVP) (gebraucht)";"1";"2"
"9055453";"Playstation 2 - RTL Skispringer 2005 (mit OVP) (gebraucht)";"1";"2"
"9052033";"3DO - John Madden NFL Football (mit OVP) (gebraucht)";"1";"2"
"5802775";"SNES - Sensible Soccer (Modul) (gebraucht) ";"1";"2"
"9053212";"Atari 2600 - Zaxxon (mit weiÃŸem Label) (Modul) (gebraucht)";"1";"2"
"5826221";"PC - Colin McRae 2005";"0";"0"
"9020607";"PC - Die Siedler - Aufstieg eines KÃ¶nigreichs Silver Edition";"0";"0"
"9032212";"Nintendo DS - The Price is Right 2010 Edition ";"0";"0"
"9006684";"GameBoy Advance/DS - Mr. Driller (Modul) (gebraucht)";"1";"0"
"5801666";"Saturn - X-Men: Children of the Atom (mit OVP) (gebraucht)";"1";"2"
"9058387";"Playstation 2 - Psyvariar (mit OVP) (gebraucht)";"1";"2"
"9053881";"GameBoy Advance/DS - Pop Idol (mit OVP) (gebraucht)";"1";"2"
"1003350";"Atari 7800 - Konsole (gebraucht) NEUWERTIG";"1";"2"
"5813578";"PC - Space Empires IV Deluxe MB";"0";"0"
"9054170";"Playstation 2 - Fantastic Four: Rise of the Silver Surfer (mit OVP) (gebraucht)";"1";"2"
"2087130";NULL;"0";"0"
"9049948";"Playstation 1 - Tai Fu: Wrath of the Tiger (mit OVP) (gebraucht)";"1";"2"
"9031290";"GameBoy Color - Game & Watch Gallery 3 / Game Boy Gallery 4 (Modul) (gebraucht)";"1";"2"
"2081707";"PC - TS Pro Train 26 Add On Ulm - Friedrichshafen (NEU & OVP)";"0";"0"
"9053549";"Xbox 360 - Alan Wake (gebraucht)";"1";"2"
"5819633";"PC - Agassi Tennis Generation  ";"0";"0"
"2084481";"PC - Ankh GOLD (Teil 1 + 2) DVD-Box Ankh Special Edition + Ankh: Herz des Osiris (NEU & OVP)";"0";"0"
"5827931";"Nintendo DS - Recharge Station for NDS (NEU & BULK)";"0";"0"
"1002361";"Sega 32X - Star Wars Arcade (mit OVP) (gebraucht)";"1";"2"
"7747";"NES - Total Recall (Modul) (US-Import) (gebraucht)";"1";"2"
"5810370";"Mega Drive - 3 Controller (Neuware)  ";"0";"0"
"9071372";"Wii - Final Fantasy Crystal Chronicles: The Crystal Bearers (mit OVP) (gebraucht)";"1";"0"
"9056015";"Nintendo DS - Ninja Gaiden - Dragon Sword (gebraucht)";"1";"2"
"9063229";"Mega Drive - Empire of Steel (Modul) (gebraucht)";"1";"2"
"1001955";"Playstation 1 - Jaguar Racing Memory Card 1 MB (NEU & OVP)";"0";"0"
"9060870";"GameCube/Wii - Mario Party 4 (nur CD) (JAP-Import) (gebraucht) [Freeloader benÃ¶tigt] ";"1";"2"
"5821072";"Nintendo DS - Jackass - The Game";"0";"0"
"9023119";"PC - Crazy Chicken Kart 3";"0";"0"
"9070782";"GameBoy Advance SP - Tasche #rot/blau (GBT179) (gebraucht)";"1";"2"
"9075300";"(unbekannt)";"0";"0"
"9041823";"Intellivision - Tron: Deadly Discs (mit OVP) (gebraucht)";"1";"2"
"9051212";"Playstation 1 - 2 in 1 Need for Speed Porsche 2000 & Moto Racer 2 (mit OVP) (gebraucht)";"1";"2"
"5813689";"PC - Tycoon City New York";"0";"0"
"9062939";"Nintendo DS - Konsole DSi #silber (inkl. Netzteil) (wie Neu) (gebraucht)";"1";"2"
"9054595";"Dreamcast - Spirit of Speed 1937 (nur CD) (gebraucht)";"1";"2"
"9026409";"Xbox 360 - Halo Wars";"0";"0"
"9006686";"GameBoy Advance/DS - Bomberman Tournament (Modul) (gebraucht)";"1";"2"
"9005549";"GameBoy - True Lies (Modul) (gebraucht)";"1";"2"
"9065538";"PC - Dark Vengeance (NEU & OVP)";"0";"0"
"9038385";"GameBoy Advance/DS - Uno 52 (Modul) (gebraucht)";"1";"0"
"1001747";"Playstation 2 - Ab durch die Hecke / Over The Hedge (nur CD) (gebraucht)";"1";"2"
"9061737";"PC - FIFA 07 (gebraucht)";"1";"2"
"5813716";"PC - War Times MB";"0";"0"
"5833534";"Nintendo DS - Lite - Tickled Travel Pack #pink [Blaze] (NEU & BULK)";"0";"0"
"9031301";"GameBoy - Rescue of Princess Blobette (Modul) (gebraucht)";"1";"2"
"9041361";"N64 - Pokemon Stadium 1 (cartridge with manual) (used)";"1";"2"
"5828232";"Atari 2600 - RealSports Volleyball (red case) (Neu & OVP aber gequetscht)";"0";"0"
"5730162";"3DO - Kingdom The Far Reaches (NEU & OVP)";"0";"0"
"9021795";"PS3 - Red Dead Redemption - uncut (AT) USK18";"0";"0"
"2072786";"Blu-Ray - Sucker Punch (BR) Extended Cut Min: 127DD5.1WS (NEU & OVP)";"0";"0"
"5822215";"PC - Pro Flight Yoke System (Saitek)";"0";"0"
"9054675";"Game Gear - Super Monaco GP (Modul) (gebraucht)";"1";"2"
"9007460";"GameBoy Advance/DS - Wings (Modul) (gebraucht)";"1";"0"
"9039214";"GameBoy Advance/DS - Shaman King -Legacy of Spirits Soaring Hawk (Modul) (gebraucht)";"1";"0"
"9041850";"GameBoy Advance/DS - Yu-Gi-Oh! Ultimate Masters Edition - World Championship Tournament 2006 (mit OVP) (gebraucht)";"1";"2"
"3691531";"Xbox 360 - WWE SmackDown! vs. Raw 2011 (mit OVP) (gebraucht)";"1";"2"
"9047423";"PC - The Colors of the Artefacts";"0";"0"
"9053126";"Saturn - Blazing Dragons (mit OVP) (gebraucht)";"1";"2"
"9049914";"Playstation 1 - Roland Garros French Open 2001 (mit OVP) (gebraucht)";"1";"2"
"2075842";"Nintendo 3DS - 3DS Ladestation BB inkl.ku (NEU & OVP)";"0";"0"
"5825635";"GameBoy - Muhammad Ali - Heavyweight Boxing (NEU & OVP)";"0";"0"
"1000479";"Wii - Tony Hawk Ride + Wireless Skateboard Controller (gebraucht)";"1";"2"
"9031786";"Dreamcast - Ãœberraschungspiel fÃ¼r DC Bundle BUNDLEARTIKEL";"0";"2"
"9061166";"Master System - Hang On (mit OVP) (gebraucht)";"1";"2"
"2083285";"PS3 - Space Marine Warhammer 40K (NEU & OVP) USK18";"0";"0"
"5834854";"PC - Imperium Romanum (gebraucht)";"1";"2"
"5823017";"PS3 - Wireless Microphones (2-Pack) Intec";"0";"0"
"4200233";"Atari 7800 - Donkey Kong (Modul + Anleitung) (gebraucht)";"1";"2"
"5835176";"Nintendo DS - The Chase (NEU & OVP)";"0";"0"
"5831859";"Xbox 360 - Fight Night Round 3";"0";"0"
"9051729";"GameBoy Advance SP - Tasche Nuby #grau/blau (GBT148) (gebraucht)";"1";"2"
"5810932";NULL;"0";"0"
"2071668";"Buch - VideoTipp-082012 50er Pack KundenInfo AUGUST (NEU & OVP)";"0";"0"
"9024731";"N64 - Official Controller #grey NUS-005 (used)";"1";"2"
"5820784";"PC - Triff die Robinsons";"0";"0"
"9046320";"NES - Dr. Mario (Modul) (PAL-B) (gebraucht)";"1";"2"
"9006735";"GameBoy Advance/DS - Spyro - Season of Ice (Modul) (gebraucht)";"1";"2"
"9032465";"PSP - Power Stone Collection (NEU & OVP)";"0";"0"
"9053458";"Saturn - Highway 2000 (mit OVP) (gebraucht)";"1";"2"
"2077091";"Blu-Ray - Drei Musketiere, Die (NEU & OVP)";"0";"0"
"9070849";"GameBoy Advance/DS - SpongeBob Schwammkopf und seine Freunde im Fotofieber / Lights Camera Pants'Â (Modul mit Anl.) (geb";"1";"2"
"766697";"GameBoy - Konsole #grau (inkl. Backlight Red) (sehr guter Zustand) (gebraucht)";"1";"2"
"2079329";"DVD - Elite Squad Im Sumpf d.Korruption Min: 115DD5.1WS (NEU & OVP) (Vorbestellung: Erscheint am 16.03.12)";"0";"0"
"9002484";"PS3 - The Darkness USK18";"0";"0"
"4001138";"PC - Curse: The Eye of Isis (gebraucht) USK18";"1";"2"
"2081589";"Xbox 360 - Lego Indiana Jones 2 Classic (NEU & OVP)";"0";"0"
"2083748";"PC - Clockwork Tower Gefangen in der Zeit (NEU & OVP)";"0";"0"
"9072263";"N64 - Quest 64 (cartridge only) (US-Import) (used)";"1";"0"
"9027959";"PC - Lego Star Wars The Complete Saga";"0";"0"
"9073548";"Xbox 360 - Battlefield 3 - Limited Edition AT (mit OVP) (gebraucht) USK18";"1";"2"
"9006060";"GameBoy Color - Woody Woodpecker Racing (Modul) (gebraucht)";"1";"2"
"5812913";"PC - Cinema Tycoon";"0";"0"
"9028162";NULL;"0";"0"
"9073712";"Saturn - 6 Player Adapter / 6 Spieler Adapter (gebraucht)";"1";"0"
"5821873";"PC - Empire Earth 2  Gold Edition  CD-Rom (NEU & OVP)";"0";"0"
"9027926";"Specials - Alice im Wunderland  DVD-Film";"0";"0"
"9020899";"Nintendo DS - Prinzessin Lalilu";"0";"0"
"5834830";"PC - Tom Clancy's Hawx (NEU & OVP)";"0";"0"
"5833156";"Wii - Wireless Sense Bar (MadCatz) ";"0";"0"
"9069450";"Playstation 2 - Original Sony Dualshock 2 Controller #weiÃŸ SCPH-10010 (Top Zustand) (gebraucht)";"1";"2"
"9047843";"Playstation 2 - Sony PS2 incl. Singstar Demo Disc +Micro";"0";"0"
"9061929";"PS3 - Bioshock 2 (mit OVP) (gebraucht) USK18";"1";"2"
"9006772";"GameBoy Advance/DS - Spider-Man - Mysterio's Menace (Modul) (gebraucht)";"1";"2"
"9075098";"Atari 2600 - Konsole CX 2600 #Black (ohne ZubehÃ¶r) (ohne Netzteil) (gebraucht) BUNDLEARTIKEL";"1";"2"
"9025126";"GameBoy - Original Nintendo GameBoy GÃ¼rteltasche #pink (gebraucht)";"1";"2"
"5825479";"GameBoy - Mr. Chin's Gourmet Paradise (NEU & OVP)";"0";"0"
"5822904";"Xbox 360 - Scene It? Box Office Smash";"0";"0"
"5005111";"N64 - The Powerpuff Girls: Chemical X-traction (Modul) (US-Import) (gebraucht)";"1";"2"
"2086660";NULL;"0";"0"
"9043314";"PC - Age of Conan ONLINE GAME";"0";"0"
"5833754";"Dreamcast - Biohazard 2 (mit OVP) (gebraucht) USK18#1";"1";"2"
"9041066";"Nintendo DS - Hysteria Hospital: Emergency Ward (NEU & OVP)";"0";"0"
"9061096";"Wii - Stand #grau (gebraucht) BUNDLEARTIKEL";"1";"2"
"9067980";"Xbox - Call of Duty Finest Hour [auch fÃ¼r Xbox 360] (nur CD) (gebraucht)";"1";"2"
"4200241";"Atari 7800 - One-on-one (mit OVP) (gebraucht)";"1";"2"
"5803258";"N64 - Rush 2 - Extreme Racing USA (Modul) (gebraucht)";"1";"2"
"5000169";"PC - BioShock + Elder Scrolls IV: Oblivion (gebraucht) USK18";"1";"2"
"2088056";"PC - F1 Race Stars (NEU & OVP) (Vorbestellung: Erscheint am 23.11.12)";"0";"0"
"9067382";"Playstation 1 - Atari Anniversary Edition Redux (CD mit Anl.) (gebraucht)";"1";"2"
"5802430";"NES - Original Nintendo Cleaning Kid (Neuware) ";"0";"0"
"9000664";"Nintendo DS - Pokemon Mystery Dungeon: Explorers of Sky ";"0";"0"
"5825351";"GameBoy Color - Noddy and the Birthday Party (NEU & OVP)";"0";"0"
"9071570";"Wii - Legend of the Dragon (mit OVP) (gebraucht)";"1";"0"
"9060054";"GameBoy Color - Gex - Enter the Gecko (Modul) (gebraucht)";"1";"2"
"9024706";"N64 - Banjo Kazooie (mit OVP) (gebraucht)";"1";"2"
"9001655";"Playstation 2 - Singibigi Arcade Stick (NEU & OVP)";"0";"2"
"9002429";"GameCube - Konsole #Schwarz (inkl. Controller & ZubehÃ¶r) (gebraucht)";"1";"2"
"5825549";"GameBoy Color - Driver (NEU & OVP)";"0";"0"
"9074301";"Atari 2600 - Der Geheimkurier (Modul) (gebraucht)";"1";"2"
"2078080";"Blu-Ray - Tactical Force (NEU & OVP) USK18";"0";"0"
"9040097";"GameCube/Wii - Evolution Worlds (US-Import) (NEU & OVP) [Freeloader benÃ¶tigt]";"0";"0"
"5812977";"PC - Dark Star One";"0";"0"
"9052986";"GameBoy Color - Looney Toons Collector - Martian Alert! (Modul) (gebraucht)";"1";"2"
"9007583";"GameBoy Advance/DS - Pitfall - Die verlorene Expedition (Modul) (gebraucht)";"1";"0"
"9053520";"Xbox - Full Spectrum: Warrior [auch fÃ¼r Xbox 360] (mit OVP) (gebraucht)";"1";"2"
"9054008";"Playstation 1 - The Land Before Time: Racing Adventure (nur CD) (gebraucht)";"1";"2"
"9005103";"PC - Guitar Hero: Aerosmith";"0";"0"
"2083400";"PC - WISO Fahrtenbuch 2011 (NEU & OVP)";"0";"0"
"2080882";"Nintendo DS - Pokemon Gold Edition + Pokewalker (NEU & OVP)";"0";"0"
"5813739";"PC - Virtual Skipper 3 MB";"0";"0"
"9072294";"Playstation 1 - NHL 98 (nur CD) (gebraucht)";"1";"2"
"9041490";"GameBoy Advance/DS - Disney's Princess (Modul mit Anleitung) (gebraucht)";"1";"2"
"9025780";"Xbox 360 - Crackdown -uncut- USK18#1";"0";"0"
"2072647";"Blu-Ray - Rite, The - Das Ritual Min: 114DD5.1WS (NEU & OVP) (Vorbestellung: Erscheint am 02.03.12)";"0";"0"
"5806719";"Mega Drive - Mutant League Football (mit OVP) (US-Import) (gebraucht)";"1";"2"
"9072317";"Playstation 1 - Cool Boarders 4 (CD mit Anl.) (gebraucht)";"1";"2"
"2080989";"Merchandise - Merc Nintendo PlÃ¼sch Mario Fire (21cm) (NEU & OVP)";"0";"0"
"9000191";"Xbox 360 - Power Cooling System Vertical Stand";"0";"0"
"9067728";"Playstation 2 - Evil Dead Regeneration (mit OVP) (US-Import) (gebraucht) USK18#1";"1";"2"
"1000500";"NES - Super Off Road (mit OVP) (PAL-B) (gebraucht)";"1";"2"
"9001661";"Xbox 360 - HDD Hard Disc 20 GB (gebraucht)";"1";"0"
"5813070";"PC - Evil Genius";"0";"0"
"9052661";"Xbox 360 - Conan (mit OVP) (gebraucht) USK18#1";"1";"2"
"9038839";"Nintendo DS - Hannah Montana ";"0";"0"
"5813701";"PC - Unreal Anthology (U+U2+UT+UT2004)PC";"0";"0"
"1001800";"GameBoy Color - Nickelodeon Rocket Power - Gettin Air (mit OVP) (gebraucht) NEUWERTIG";"1";"2"
"2080160";"DVD - Wickie 2 ..auf groÃŸer Fahrt Min: 92DD5.1WS (NEU & OVP) (Vorbestellung: Erscheint am 01.03.12)";"0";"0"
"9057610";"Playstation 2 - Driven (mit OVP) (gebraucht)";"1";"2"
"2087290";"Nintendo DS - Pokemon WeiÃŸe Edition 2 (NEU & OVP) (Vorbestellung: Erscheint am 24.08.12)";"0";"0"
"9022958";"PC - Wheelman";"0";"0"
"9048012";"GameCube - Nintendo GameCube Tasche [4GAMERS] (gebraucht)";"1";"2"
"5813468";"PC - Rise of Nations";"0";"0"
"5822911";"Xbox 360 - Saints Row (NEU & OVP)";"0";"0"
"5813994";"PC - Muumit ja Meren Aalloilla FI";"0";"0"
"2038359";"PC - Geheimakte 2 (NEU & OVP)";"0";"0"
"5813560";"PC - Sims Livin it Up SE UK";"0";"0"
"9048139";"GameCube - Nintendo GameCube CD-Case [4GAMERS] (gebraucht)";"1";"2"
"9047377";"NeoGeoPocket Color - King of Fighters R-2 (mit OVP) (gebraucht)";"1";"2"
"9000436";"Nintendo DS - NDS Lite - Modding Skin [Blue Berner Sennen] (NEU & OVP)";"0";"0"
"1000765";NULL;"0";"0"
"5803159";;"1";"2"
"5813505";"PC - Sam & Max Season One PC";"0";"0"
"1001673";"Playstation 2 - Lightgun #schwarz [Team5] (gebraucht)";"1";"2"
"9060577";"Dreamcast - Dragon's Blood (mit OVP) (gebraucht)";"1";"2"
"5002057";"Xbox - Crash Bandicoot: Twinsanity (mit OVP) (gebraucht)";"1";"0"
"5820786";"PSP - Xiaolin Showdown (NEU & OVP)";"0";"0"
"9073181";"Nintendo DS - Pokemon - Perl Edition (gebraucht)";"1";"2"
"5833043";"PSP - Battery Pack 3,6V 3600mAh";"0";"0"
"9065846";"NeoGeoPocket Color - Dark Arms (Modul) (gebraucht)";"1";"2"
"9023008";"PC - FÃ¦tter Kanin 2 Mysteriet Sky9 DK";"0";"0"
"5819898";"PC - Rapala Pro Fishing  ";"0";"0"
"9051201";"Playstation 1 - Fifa Football 2004 (nur CD) (gebraucht)";"1";"2"
"2079688";"Blu-Ray - Phantastische Film BOX 1 Min: 286DD5.1WS (NEU & OVP) (Vorbestellung: Erscheint am 08.03.12)";"0";"0"
"9006390";"GameBoy - Gremlins 2 - The New Batch (Modul) (gebraucht)";"1";"2"
"2078203";"DVD - GroÃŸe Crash, Der - Margin Call (NEU & OVP)";"0";"0"
"9069609";"PS3 - Metal Gear Solid 4 - Guns of the Patriots (mit OVP) (gebraucht) USK18";"1";"2"
"5813733";"PC - Wings over Europe Cold War";"0";"0"
"9058328";"Playstation 2 - Pinball (mit OVP) (gebraucht)";"1";"2"
"1001453";"Specials - Scart Adapter (Scart-Buchse auf 3er Cinch Stecker) (gebraucht)";"1";"2"
"9031681";"Retourenware / defekt / nicht getestet DG24 (Gitarren und Xbox Headsets) DEFEKT";"0";"0"
"9041832";"GameBoy Advance/DS - Cars (Modul mit Anleitung) (gebraucht)";"1";"2"
"9053545";"Xbox - Vexx [auch fÃ¼r Xbox 360] (mit OVP) (gebraucht)";"1";"2"
"5829619";"PS3 - Energizer Power and Play Charge Cable";"0";"0"
"4555677";"GameBoy Advance/DS - Jimmy Neutron - Attack of the Twonkies (Modul) (gebraucht)";"1";"2"
"9006665";"GameBoy Advance/DS - Golf E reader cards (gebraucht)";"1";"0"
"2085614";NULL;"0";"0"
"9068453";"NES - Quickshot Joystick QS-128N (gebraucht)";"1";"0"
"2647476";"Nintendo DS - Konsole #rot (inkl. Netzteil) (wie NEU) (gebraucht)";"1";"2"
"9061914";"Xbox 360 - Timeshift (mit OVP) (gebraucht) USK18#1";"1";"2"
"9040820";"PC - Mystery Tales 2";"0";"0"
"9074794";"Playstation 1 - Anstoss Premier Manager (mit OVP) (gebraucht)";"1";"2"
"9029736";"Xbox 360 - L.A. Noire (mit OVP) (gebraucht)";"0";"0"
"9007857";"GameBoy Advance/DS - Clue/Battleship/Risk (Modul) (gebraucht)";"1";"0"
"9060398";NULL;"0";"0"
"9061726";"PC - Dino Island (Back to Games Edition) (gebraucht)";"1";"2"
"9053066";"Playstation 1 - Fifa Die Fusball-WM Frankreich '98 (mit OVP) (gebraucht) ";"1";"2"
"9022660";"PC - Blacksite Area 51";"0";"0"
"9055243";"GameBoy Color - The Mummy (Modul) (gebraucht)";"1";"2"
"5814956";"Xbox - LMA Manager 2003 (mit OVP) (gebraucht)";"1";"2"
"9047931";"Playstation 1 - Rascal Racers (mit OVP) (gebraucht)";"1";"2"
"5814093";"PC - Fable the Lost Chapters";"0";"0"
"9064296";"NES - Super Mario Bros 3 (mit OVP) (PAL-B) (gebraucht)";"1";"2"
"9028118";"PC - Panzer Simulator 2010";"0";"0"
"5830545";"GameBoy Micro - ZigarettenanzÃ¼nder Adapter (NEU & OVP)";"0";"0"
"5814993";"GameBoy Color - Link-Kabel fÃ¼r GameBoy Color/Pocket & Extra Port -violett- (Intec) (NEU & OVP)";"0";"0"
"9008172";"GameBoy Advance/DS - Princess Natasha - Student-Secret Agent-Princess (Modul) (gebraucht)";"1";"2"
"9067814";"Playstation 2 - Power Volleyball (mit OVP) (gebraucht)";"1";"2"
"5822598";"PS3 - Monopoly ";"0";"0"
"4001051";"PC - Warhammer 40.000 Dawn Of War (gebraucht)";"1";"0"
"2073235";"PS3 - PS3 Xploder Cheat System 2.0 (NEU & OVP)";"0";"0"
"2083033";"PC - 3 Musketiere Constances Mission Wimmelbild (NEU & OVP)";"0";"0"
"9072554";"Mega Drive - Thunder Force III (mit OVP) (gebraucht) Japan";"1";"2"
"9005650";"GameBoy Color - Oddworld Adventures 2 (Modul) (gebraucht)";"1";"2"
"5836084";"PS3 - Socom: Confrontation (mit OVP) (gebraucht)";"1";"2"
"5829327";"Nintendo DS - Style and Strap for DS Lite *SUMMER* (NEU & OVP)";"0";"0"
"9053300";"Nintendo DS - Konsole #silber (inkl. Netzteil) (sehr guter Zustand) (gebraucht)";"1";"2"
"9072001";"Wii - Superstars Tennis (mit OVP) (gebraucht)";"1";"0"
"5810632";"GameBoy Color - Link Kabel (NEU & OVP)";"0";"0"
"9040751";"Nintendo DS - Humans";"0";"0"
"9058027";"Playstation 2 - Knights of the Temple - Infernal Crusade (mit OVP) (gebraucht)";"1";"2"
"2082084";"PC - Bioshock Infinite (NEU & OVP) USK18 (Vorbestellung: Erscheint am 26.02.13)";"0";"0"
"9064369";"Master System - Super Kick Off (mit OVP) (gebraucht)";"1";"2"
"9046826";"Playstation 1 - Actura Golf 2 (mit OVP) (gebraucht)";"1";"2"
"5806563";"Mega Drive - Forgotten Worlds (mit OVP) (JAP-Import) (gebraucht)";"1";"2"
"5823333";"PSP - Final Fantasy 1 (NEU & OVP)";"0";"0"
"8814";"Mega Drive - Wimbledon Championship Tennis (mit OVP) (gebraucht)";"1";"2"
"2027649";"DVD - Stander *RESTPOSTEN! Min: 113DD5.1WS16:9  Warner (NEU & OVP)";"0";"0"
"5817019";"Wii - Motion XS Controller / Nunchuk #weiÃŸ [Snakebyte] (NEU & OVP)";"0";"0"
"9025832";"PC - GCSE French (Letts) ";"0";"0"
"9047960";"Playstation 1 - V3 Racing Wheel (mit OVP) (gebraucht)";"1";"2"
"9052444";"N64 - NBA Jam 99 (boxed) (used)";"1";"2"
"9069260";"Playstation 2 - Konsole #silber (ohne ZubehÃ¶r) (2. Wahl/Starke Gebrauchsspuren) (gebraucht) BUNDLEARTIKEL";"1";"2"
"9074298";"Nintendo 3DS - Pirates of the Caribbean (mit OVP) (US-Import) (gebraucht)";"1";"2"
"9055518";"Playstation 1 - 2x Doubleshock Controller / Gamepad Vibration [EAXUS] (NEU & OVP)";"0";"0"
"9072789";"Playstation 2 - This is Football 2003 + This is Football 2004 (mit OVP) (gebraucht)";"1";"2"
"9055891";"GameBoy - Double Dribble - 5ON5 (Modul) (gebraucht)";"1";"2"
"9061214";"Playstation 1 - South Park Rally (nur CD) (gebraucht)";"1";"2"
"2073713";"PC - Mass Effect 3 N7 - Collector's Edition (NEU & OVP) USK18 (Vorbestellung: Erscheint am 08.03.12)";"0";"0"
"9003496";"Nintendo DS - Donkey Xote";"0";"0"
"9041130";"Nintendo DS - IL2 Sturmovik: Birds of Prey";"0";"0"
"9074368";"Nintendo DS - Disney's Kim Possible - Auf der Jagd nach Gemini (mit OVP) (gebraucht)";"1";"2"
"9075343";"Playstation 1 - Link-Kabel (nur f. PS1 / nicht f. PSone) [verschiedene Hersteller] (gebraucht)";"1";"2"
"9029787";"Xbox 360 - Colin McRae DIRT & Race Driver GRID DOUBLE PACK (Dutch & French) ";"0";"0"
"2081884";"Nintendo 3DS - 3DS KopfhÃ¶rer In-Ear OhrhÃ¶rer (NEU & OVP)";"0";"0"
"4555749";"GameBoy Color - Sylvester & Tweety - Breakfast on the Run (Modul mit Anl.) (gebraucht)";"1";"2"
"9075339";"N64 - 2 m. extension cable NEW";"0";"0"
"9047549";"PSP - Ys The Oath in Felghana (NEU & OVP)";"0";"0"
"2081812";"PC - SW Empire (AT-Import) War Gold Star Wars (NEU & OVP)";"0";"0"
"2071365";"Nintendo 3DS - Dual Pen Sports (NEU & OVP)";"0";"0"
"5828708";"Xbox - Wireless Light Gun 2.4 GHz (NEU & OVP)";"0";"0"
"2083260";"PC - Peggle Nights (NEU & OVP)";"0";"0"
"9005470";"GameBoy - KÃ¶nig der LÃ¶wen (Modul) (gebraucht)";"1";"2"
"9027506";"PSP - Need Speed Pro Street (NEU & OVP)";"0";"0"
"9071122";"Wii - Brothers in Arms: Road to Hill 30 (mit OVP) (gebraucht)";"1";"0"
"2084408";"Wii - Mario Power Tennis SELECTS (NEU & OVP)";"0";"0"
"5000613";"Xbox 360 - Monster GL: Component Video YUV XBOX 360 (NEU & OVP)";"0";"2"
"9047680";"Playstation 1 - Namco GunCon AV Adapter NPC-103G (gebraucht)";"1";"2"
"1001794";"GameBoy Color - Hands of Time (mit OVP) (gebraucht)";"1";"2"
"2083350";"PC - McAfee Internet Security 2012 3 User (NEU & OVP)";"0";"0"
"9006903";"GameBoy Advance/DS - International Karate (Modul) (gebraucht)";"1";"2"
"9050669";"GameBoy Pocket - Tragetasche #Schwarz (GBT058) (gebraucht)";"1";"2"
"9068381";"GameBoy Advance/DS - Digimon Battle Spirit (mit OVP) (gebraucht)";"1";"2"
"9054314";"PS3 - FIFA Football 2009 (mit OVP) (gebraucht)";"1";"2"
"9005528";"GameBoy - Toy Story (Modul) (gebraucht)";"1";"2"
"4555702";"GameBoy Advance/DS - SSX Tricky (Modul mit Anl.) (gebraucht)";"1";"2"
"9046656";"Atari 2600 - Ms. Pac Man (mit OVP) (gebraucht)";"1";"2"
"4839775";"PS3 - Singstar Motown Solus (mit OVP) (gebraucht)";"1";"2"
"1001884";"GameBoy - Brainbender (mit OVP) (gebraucht) NEUWERTIG";"1";"2"
"5803170";;"1";"2"
"5834890";"PC - Leisure Suit Larry: Box Office Bust (NEU & OVP)";"0";"0"
"4000987";"Atari 2600 - Quickshot Joystick QS-131 (gebraucht)";"1";"2"
"9002278";"PC - Guild Wars Factions (Collectors Edition)";"0";"0"
"2086736";NULL;"0";"0"
"5803310";"N64 - Wipeout 64 (Modul) (gebraucht)";"1";"2"
"9058526";"Playstation 2 - Shaun Palmer's Pro Snowboarder (mit OVP) (gebraucht)";"1";"2"
"5820854";"Wii - GehÃ¤use - Chrome fÃ¼r Nintendo";"0";"0"
"9033303";"Nintendo DS - Dreamer Series: Top Model ";"0";"0"
"9020375";"PC - Flugrettung - Die Simulation ";"0";"0"
"9062447";"PC - C&C Red Alert (NEU & OVP)";"0";"0"
"9029506";"Nintendo DS - Army Men: Soldiers of Misfortune ";"0";"0"
"4000261";"Saturn - Controller [verschiedene Hersteller] (gebraucht)";"1";"2"
"9067934";"Wii - LEGO Rock Band (mit OVP) (gebraucht)";"1";"2"
"9043184";"Nintendo DS - Worms Open Warfare 2";"0";"0"
"9024457";"PS3 - Tom Clancy's EndWar ";"0";"0"
"9039131";"GameCube/Wii - Black & Bruised (US-Import) (NEU & OVP) [Freeloader benÃ¶tigt]";"0";"0"
"2085970";NULL;"0";"0"
"9057319";"Playstation 2 - Ben 10: Alien Force (mit OVP) (gebraucht)";"1";"2"
"1003083";"PSP - Blade Dancer - Lineage of Light (mit OVP) (gebraucht)";"1";"2"
"8269";"Dreamcast - Wetrix (mit OVP) (gebraucht)";"1";"2"
"5834747";"Wii - Fighting Stick [Hori] (NEU & OVP)";"0";"0"
"9075034";"(unbekannt)";"0";"0"
"9033804";"Nintendo DS - Backyard Baseball 2009 ";"0";"0"
"9055514";"Xbox 360 - Mass Effect 2: Collector's Edition (mit OVP) (gebraucht)";"1";"2"
"2087056";NULL;"0";"0"
"9033968";"Nintendo DS - Let's Ride: Frie Forever ";"0";"0"
"1000746";"GameBoy - Bubble Bobble (Modul mit Anl.) (gebraucht)";"1";"2"
"4000307";"Master System - Taito Chase H.Q. (mit OVP) (gebraucht)";"1";"2"
"8006";"NES - Bad Dudes vs. Dragon Ninja (Modul) (US-Import)";"1";"2"
"5804639";"Playstation 1 - Multitap / 4 Spieler Adapter (Yobo) (NEU & OVP) ";"0";"0"
"2065535";"PS3 - RTL Winter Sports 2011 Go forGold (NEU & OVP)";"0";"0"
"1002289";"GameBoy Color - Pure Ride MTV Sports (Modul mit Anl.) (gebraucht)";"1";"2"
"5811246";"GameCube/Wii - Blood Omen 2 - The Legacy of Kain Series (mit OVP) (gebraucht)";"1";"2"
"2082720";"Nintendo DS - Pang: Magical Michael (NEU & OVP)";"0";"0"
"9065837";"GameBoy - Pokemon Trading Card Game (Modul) (gebraucht) ";"1";"2"
"9042408";NULL;"0";"0"
"9021116";"PS3 - Grand Theft Auto IV USK18";"0";"0"
"9000430";"Nintendo DS - NDS Lite - Modding Skin [Carbon Car] (NEU & OVP)";"0";"0"
"9038655";"GameBoy Advance/DS - Backyard Baseball 2007 (Modul) (gebraucht)";"1";"0"
"9054577";"Dreamcast - Quake III (3) Arena (nur CD) (gebraucht) USK18#1";"1";"2"
"9069561";"Wii - 2 Original Nintendo Remotes + Ladestation mit 2 Akkus (gebraucht)";"1";"2"
"5825965";"GameCube - Original GameBoy Advance Linkkabel (NEU & OVP)";"0";"0"
"9060869";"GameCube/Wii - Pokemon Colosseum (nur CD) (ohne Memory Card) (gebraucht)";"1";"2"
"9043392";"Specials - Multi Netzteil PowerPlug USB Charge white Netzteil mit USB Buchse (ohne Kabel)";"0";"0"
"9057389";"Playstation 2 - BUZZ Junior: Jungle Party inkl. 4 Buzzer (mit OVP) (gebraucht)";"1";"2"
"5813587";"PC - Speedball Tournament 2";"0";"0"
"9029601";"PSP - Transit Pack";"0";"0"
"5002072";"Xbox - Die Sims 2 (mit OVP) (gebraucht)";"1";"0"
"5811114";"GameCube/Wii - Need for Speed - Underground 2 (Player's Choice) (mit OVP) (gebraucht)";"1";"2"
"9061523";"Playstation 2 - The X Factor Sing (ohne Mikrofon) (mit OVP) (gebraucht)";"1";"2"
"9071377";"Wii - FIT & FUN - YOUR VIRTUAL PERSONAL COACH (mit OVP) (gebraucht)";"1";"0"
"9058797";"Playstation 2 - Test Drive Off-Road Wide Open (mit OVP) (gebraucht)";"1";"2"
"9071197";"Wii - CTA SchutzhÃ¼llen / HÃ¼llen fÃ¼r Nintendo Wii Remote und Nunchuk in Schwarz - schicke Optik und idealer Halt beim ";"0";"0"
"5834998";"PC - Enemy Engaged 2 PC";"0";"0"
"9003249";"PC - Officers World War II";"0";"0"
"5799198";"Playstation 1 - Rescue Heroes - Helden in Gefahr (mit OVP) (gebraucht)";"1";"2"
"9061226";"Playstation 1 - WWF Attitude (nur CD) (gebraucht)";"1";"2"
"2084074";"PC - FIFA 13 (NEU & OVP) USK18 (Vorbestellung: Erscheint am 27.09.12)";"0";"0"
"9008627";"N64 - Donkey Kong 64 (ohne Expansion Pak) (mit OVP) (gebraucht)";"1";"2"
"2073138";"PS3 - FIFA 12 (NEU & OVP)";"0";"0"
"1000453";"N64 - Konsole #Carmouflage Tarnfarben Air-Brush Custom-Made (inkl. Controller und ZubehÃ¶r) (gebraucht)";"0";"0"
"9029067";"Nintendo DS - Race Driver GRID";"0";"0"
"9058978";"Playstation 2 - World Championship Snooker 2004 (mit OVP) (gebraucht)";"1";"2"
"4001088";"PC - Rome: Total War - Barbarian Invasion (gebraucht)";"1";"2"
"4000004";"Nintendo DS - Big Brain Academy (nur Modul) (gebraucht)";"1";"2"
"4555768";"Nintendo DS - Action Replay Media Edition [Datel] (nur Modul) (gebraucht)";"1";"2"
"5833610";"GameBoy Advance - Xploder (nur Modul) (gebraucht)";"1";"2"
"2044082";"Nintendo DS - Di-Gata Defenders (NEU & OVP)";"0";"0"
"9040979";"PSP - Super Collapse 3 (NEU & OVP)";"0";"0"
"2086533";NULL;"0";"0"
"4166702";"Atari 2600 - Home Run (Modul) (gebraucht)";"1";"2"
"9075149";"Playstation 2 - R-Type Final (NEU & OVP)";"0";"2"
"9049922";"Playstation 1 - Shanghai - True Valor (mit OVP) (gebraucht)";"1";"2"
"9072086";"Wii - Trauma Center - New Blood (mit OVP) (gebraucht)";"1";"0"
"9002565";"GameBoy / Pocket / Color - Link Kabel [verschiedene Hersteller] (gebraucht)";"1";"2"
"9070724";"SNES - Controller mit Turbo-Buttons #transparent (NEU, Bulk)";"0";"0"
"5823168";"PS3 - SBK Superbike World Championship (NEU & OVP)";"0";"0"
"5803280";"N64 - Tetrisphere (Modul) (gebraucht)";"1";"2"
"5804609";"Specials - Sega Mega Drive mit 2 Gamepads + 5 Game-Klassiker (NEU & OVP)";"0";"0"
"9028718";"Xbox 360 - Need for Speed Hot Pursuit";"0";"0"
"9025184";"SNES - Konsole + ZubehÃ¶r + Super Mario All-Stars + Super Mario World (mit OVP) (gebraucht)";"1";"2"
"9067791";"N64 - Spielebox/VHS-HÃ¼lle fÃ¼r N64 Module #transparent (gebraucht)";"1";"2"
"5834222";"Atari 2600 - Miniature Golf (gebraucht)";"1";"2"
"5834790";"PC - Grand Theft Auto 3 (Jewelcase) USK18";"0";"0"
"5828631";"Xbox 360 - Star Wars: The Force Unleashed (mit OVP) (gebraucht)";"1";"2"
"7289";"NES - X-Men (Modul) (US-Import) (gebraucht)";"1";"2"
"9054401";"Playstation 2 - Phantasy Star Complete Collection (mit OVP) (JAP-Import) (gebraucht)";"1";"2"
"9054535";"NES - Skate or Die (Modul) (PAL-B) (gebraucht)";"1";"2"
"2087250";NULL;"0";"0"
"9021664";"Nintendo DS - Mario & Luigi: Bowser's Abenteuer (NEU & OVP)";"0";"0"
"5801852";"Mega CD - Mega CD - FIFA International Soccer: Championship Edition (mit OVP) (gebraucht)";"1";"2"
"9061472";"GameCube/Wii - Mario Party 5 (CD mit Anl.) (gebraucht)";"1";"2"
"2079708";"DVD - Quintett m.Paul Newman Min: 113DD2.0WS (NEU & OVP) (Vorbestellung: Erscheint am 08.03.12)";"0";"0"
"9006952";"GameBoy Advance/DS - Turok Evolution (Modul) (gebraucht)";"1";"2"
"9052051";"Master System - Cyborg Hunter (nur Modul) (gebraucht)";"1";"2"
"9032224";"Nintendo DS - Imagine: Sweet 16 ";"0";"0"
"5002279";"Xbox - Sid Meiers Pirates! (mit OVP) (gebraucht)";"1";"2"
"9058826";"Playstation 2 - The Snow Queen Quest (mit OVP) (gebraucht)";"1";"2"
"2065080";"PS3 - Harry P. HeiligtÃ¼mer des Todes 1 Harry Potter (VL-Abo) (NEU & OVP)";"0";"0"
"9003863";"Nintendo DS - STYLE BOUTIQUE (NEU & OVP)";"0";"0"
"5812779";"PC - American Conquest (XPL)";"0";"0"
"2075859";"Nintendo 3DS - Puppies World (NEU & OVP)";"0";"0"
"9050819";"GameCube/Wii - Simpsons - Hit & Run (CD mit Anl.) (gebraucht)";"1";"2"
"9054679";"PC - Tetris Worlds (NEU & OVP)";"0";"2"
"5820656";"GameBoy Color - Lupe Light Master #schwarz [BigBen] (NEU & BULK)";"0";"0"
"5822533";"PS3 - Die Simpsons - Das Spiel ";"0";"0"
"9063201";"Mega Drive - Ultimate Mortal Kombat (Modul) (US-Import) (gebraucht) USK18#1";"1";"2"
"2072841";"PC - Agrar Simulator 2011 GOLD (NEU & OVP)";"0";"0"
"9062741";"Amiga - Where in the World is Carmen Sandiego (NEU & OVP)";"0";"0"
"5799317";NULL;"0";"0"
"1000330";"PS3 - Conflict: Denied Ops (mit OVP) (gebraucht) USK18";"1";"2"
"1000898";"GameBoy Color - Pokemon - Silberne Edition (Englisch) (mit OVP) (gebraucht) NEUWERTIG";"1";"2"
"9055967";"GameBoy Color - Ultimate Paintball (Modul) (gebraucht)";"1";"2"
"5821917";"PC - Galactic Civilizations 2 - Endless Universe  CD-Rom (NEU & OVP)";"0";"0"
"9072162";"Wii - Wo die wilden Kerle wohnen - Das Videogame (mit OVP) (gebraucht)";"1";"0"
"9000731";"PSP - Memory Stick Pro Duo Adapter + SD Card 1GB [Sony] (NEU & BULK)";"0";"0"
"5814549";"PS3 - Dynasty Warriors 6";"0";"0"
"9062227";"Nokia N-Gage - Virtua Tennis (NEU & OVP)";"0";"0"
"9047640";"Playstation 1 - Doom (mit OVP) (gebraucht) USK18";"1";"2"
"9049588";"Playstation 1 - Speedball 2100 (mit OVP) (gebraucht)";"1";"2"
"9067366";"Playstation 1 - Championship Motocross 2001 Featuring Ricky Carmichael (CD mit Anl.) (gebraucht)";"1";"2"
"9039865";"GameCube/Wii - Bionicle: The Game (US-Import) (NEU & OVP) [Freeloader benÃ¶tigt]";"0";"0"
"2087404";NULL;"0";"0"
"9033228";"Nintendo DS - Looney Tunes: Duck Amuck ";"0";"0"
"9057188";"Playstation 2 - 2 Spiele Box- Lassie + Mr. Bean (mit OVP) (gebraucht)";"1";"2"
"9043319";"PS3 - Bioshock 2 (NEU & OVP) USK18";"0";"0"
"9005284";"GameBoy Color - Earthworm Jim Menace 2 Galaxy (Modul) (gebraucht)";"1";"2"
"9020363";"PC - RTL Alarm fÃ¼r Cobra 11 - Burning Wheels ";"0";"0"
"9055095";"Nintendo DS - Solitaire Mahjong - Ancient China Adventure (gebraucht)";"1";"2"
"2083883";"PC - Binary Domain (OR) (NEU & OVP)";"0";"0"
"9055127";"PS3 - Tiger Woods PGA Tour Golf 2009 (mit OVP) (gebraucht)";"1";"2"
"2081172";"DVD - Unsere kleine Farm StaFinal Fantasyel 10 3DVD Min: 274DDVB (NEU & OVP) (Vorbestellung: Erscheint am 01.03.12)";"0";"0"
"9066833";NULL;"0";"0"
"2088218";"Wii - Inazuma Eleven Strikers (NEU & OVP) (Vorbestellung: Erscheint am 28.09.12)";"0";"0"
"9069897";"GameCube/Wii - WWE Wrestlemania X8 (CD mit Anl.) (gebraucht)";"1";"2"
"2083583";"PC - Farm Frenzy 4 Helden der Wikinger (NEU & OVP)";"0";"0"
"2080895";"Wii - Donkey Kong Country Returns (NEU & OVP)";"0";"0"
"5833570";"Dreamcast - VGA Box #schwarz [verschiedene Hersteller] (gebraucht)";"1";"2"
"9038228";"N64 - Console Limited Gold Edition (boxed) (used)";"1";"2"
"7673";"NES - Isolated Warrior (Modul) (US-Import) (gebraucht)";"1";"2"
"9027881";"Nintendo DS - Valentines Day ";"0";"0"
"2075084";"PC - Tidalis BLUEBIRD (NEU & OVP)";"0";"0"
"5835976";"Xbox 360 - Die Simpsons - Das Spiel (mit OVP) (gebraucht)";"1";"2"
"2085457";"PC - UK Truck Simulator (NEU & OVP)";"0";"0"
"5823280";"PS3 - Tiger Woods PGA 2009 ";"0";"0"
"1001873";"GameBoy Color - Batman - Chaos in Gotham (mit OVP) (gebraucht) NEUWERTIG";"1";"2"
"5828024";;"0";"0"
"2084025";"PS3 - Uncharted 1 Platinum Drakes Schicksal (NEU & OVP)";"0";"0"
"9006782";"GameBoy Advance/DS - David Beckham Soccer (Modul mit Anleitung) (gebraucht)";"1";"2"
"2069967";"Nintendo 3DS - Ridge Racer 3D (NEU & OVP)";"0";"0"
"9038224";;"1";"2"
"2070550";"PS3 - Move Heroes erfordert Move (NEU & OVP)";"0";"0"
"5801633";"Saturn - Myst (mit OVP) (gebraucht)";"1";"2"
"8630";"Mega Drive - Pac-Panic (mit OVP) (gebraucht)";"1";"2"
"9072913";"Playstation 2 - James Bond 5er Pack (mit OVP) (gebraucht)";"1";"2"
"4001120";"PC - Silent Hill: Home Coming (gebraucht) USK18";"1";"2"
"9050291";"N64 - A-Z Of Cheats (englisch) (gebraucht)";"1";"2"
"9062617";"PC - Power Game II (NEU & OVP)";"0";"0"
"2083556";"PC - Aranjas 3 (NEU & OVP)";"0";"0"
"9065832";"Atari Jaguar - Zool 2 (Modul) (gebraucht)";"1";"2"
"2087035";"Xbox 360 - Zone of the Enders HD Collection (NEU & OVP) USK18 (Vorbestellung: Erscheint am 30.09.12)";"0";"0"
"9058479";"Playstation 2 - Samurai Shodown 5 (mit OVP) (gebraucht)";"1";"2"
"2070023";"Nintendo 3DS - Driver Renegade 3D (NEU & OVP)";"0";"0"
"9056041";"PS3 - UFC 2009: Undisputed Platinum (mit OVP) (gebraucht) USK18";"1";"2"
"9067553";NULL;"0";"0"
"2083426";"Nintendo DS - Joan Jade + Tore von Xibalba (NEU & OVP)";"0";"0"
"5814609";"PSP - Gangs of London (NEU & OVP)";"0";"0"
"9068421";"GameBoy Advance/DS - Spyro 4 Orange - The Cortex Conspiracy (mit OVP) (gebraucht)";"1";"2"
"9031411";"GameCube/Wii - GameCube Controller #weiÃŸ [BigBen] (NEU & OVP)";"0";"0"
"9060410";"Wii - Gewehr #weiÃŸ (gebraucht)";"1";"2"
"2083519";"PC - Wild West Story 3 gewinnt (NEU & OVP)";"0";"0"
"5825868";"N64 - WCW Goldberg Speicherkarte (Limited Edition)  (NEU & OVP)";"0";"0"
"9053078";"Playstation 2 - Medal of Honor Frontline (mit OVP) (gebraucht) USK18";"1";"2"
"9072784";"Playstation 2 - Gauntlet - Seven Sorrows + Gauntlet: Dark Legacy (mit OVP) (gebraucht)";"1";"2"
"3678774";"Playstation 1 - Starsweep (NEU & OVP)";"0";"0"
"2065641";"PS3 - Brink UNCUT Wendecover (NEU & OVP)";"0";"0"
"9007565";"GameBoy Advance/DS - Magical Quest 3 - Starring Mickey & Donald (Modul) (gebraucht)";"1";"2"
"2083242";"PC - FlugSimulator 60 Heli- & Flugzeuge (NEU & OVP)";"0";"0"
"5804790";"NeoGeoPocket Color - Schutztasche (NEUWARE, BULK)";"0";"0"
"5821351";"Nintendo DS - High School Musical 3  DS Lite ZubehÃ¶r Pack (NEU & OVP)";"0";"0"
"5812769";"PC - Airport Inc. P4L";"0";"0"
"2081049";"Nintendo DS - Bejeweled 3 (NEU & OVP)";"0";"0"
"9072097";"Wii - Twin Strike: Operation Thunderstorm (mit OVP) (gebraucht)";"1";"0"
"1001964";"NES - Captain Planet and the Planeteers (PAL-B) (Modul) (gebraucht)";"1";"2"
"9074496";"Playstation 2 - Disney's Think Fast (Englisch!) (NEU & OVP)";"0";"0"
"5821942";"PC - King's Bounty: The Legend  Special Edition  CD-Rom (NEU & OVP)";"0";"0"
"5825892";"NES - Controller Nintendo Turbo Joystick (Neuware) (US-Import / nur mit US-Konsolen kompatibel)";"0";"1"
"9062570";"PC - Extasy (NEU & OVP)";"0";"0"
"1000791";"Wii - Guitar Hero 3 - Legends of Rock (Spiel mit Gitarre) (gebraucht)";"1";"2"
"5815920";"Playstation 1 - Gauntlet Legends (NEU & OVP)";"0";"2"
"9043294";"PC - A-Train 8";"0";"0"
"2080735";"DVD - Mein liebster Alptraum Min: 99DD5.1WS (NEU & OVP) (Vorbestellung: Erscheint am 07.06.12)";"0";"0"
"9402";"Mega Drive - Super High Impact (mit OVP) (gebraucht)";"1";"2"
"9041857";"GameBoy Advance/DS - Crash Bandicoot Fusion (Modul mit Anleitung) (gebraucht)";"1";"2"
"9027786";"PSP - Cars (NEU & OVP)";"0";"0"
"9053452";"Saturn - BLAM - Machinehead (mit OVP) (gebraucht)";"1";"2"
"9049526";"Playstation 1 - Star Ocean - The Second Story (mit OVP) (gebraucht)";"1";"2"
"9068221";"Nintendo DS - DSi Set (Tasche, Neck-Strap, Hand-Strap, Silikon-Case, Schutzfolien) (Neuware, Bulk)";"0";"0"
"9023246";"PC - Microsoft Autoroute 2006";"0";"0"
"4735887";"Xbox 360 - Monsters vs. Aliens (NEU & OVP) #";"0";"2"
"5822128";"PC - Tom Clancy's Splinter Cell - Double Agent  (NEU & OVP)";"0";"0"
"5002098";"Xbox - ESPN NHL Hockey (mit OVP) (gebraucht)";"1";"0"
"5520771";"Dreamcast - Original Mouse / Maus HKT-4200 [SEGA] (gebraucht)";"1";"2"
"9005428";"GameBoy - NBA Live 96 (Modul) (gebraucht)";"1";"2"
"5820479";"GameBoy Advance - SchutzhÃ¼lle mit Licht -transp.-  (NEU & OVP)";"0";"0"
"9048411";"GameBoy Advance / NDS Lite - Tasche #silber/rot/schwarz (GBT056) (gebraucht)";"1";"2"
"9070496";"SNES - The Rocketeer (mit OVP) (US-Import) (gebraucht)";"1";"2"
"9006340";"GameBoy Color - Kanji Boy 2 - JAP (Modul) (gebraucht)";"1";"0"
"9021674";"PS3 - Resistance 2 USK18";"0";"0"
"5808325";"Mega Drive - FIFA Soccer 96 (Modul) (US-Import) (gebraucht)";"1";"2"
"5834891";"PC - Diabolik: The Original Sin (NEU & OVP)";"0";"0"
"9061590";"GBA/GameBoy Advance SP Konsole inkl. Netzteil #Surf Blue AGS-101 (gebraucht) (2. Wahl / Starke Gebrauchsspuren)";"1";"2"
"2087903";"PC - FS FSX VFR Germany 4 Ost Addon zu FS X (NEU & OVP)";"0";"0"
"9031181";"Coloud Headphone - Hello Kitty  Black Comic Pop";"0";"0"
"9068943";"PSP - Lemmings (mit OVP) (gebraucht)";"1";"2"
"8201";"Dreamcast - Shenmue (mit Schuber) (mit OVP) (gebraucht)";"1";"2"
"2081939";"PSP - Invizimals 3 Verl. StÃ¤mme + Kamera (NEU & OVP)";"0";"0"
"9072675";"Playstation 2 - Die Simpsons - Das Spiel + Simpsons - Road Rage (mit OVP) (gebraucht)";"1";"2"
"2087207";NULL;"0";"0"
"9000106";"PS3 - Far Cry 2 USK18";"0";"0"
"9029725";"PC - Jekyll & Hyde";"0";"0"
"9073596";"GameBoy Advance/DS - Naruto RPG - Uketsugareshi Hi no Ishi (nur Modul) (JAP-Import) (gebraucht)";"1";"2"
"9006218";"GameBoy Color - 1942 (nur Modul) (gebraucht)";"1";"2"
"1002877";"PC - Sherlock Holmes - Der silberne Ohrring (Jewelcase) (mit OVP / Jewelcase) (gebraucht)";"1";"2"
"9001643";"PSP - TV Converter";"0";"0"
"1003619";"GameBoy Advance/DS - Pokemon - Ruby Version / Rubin Edition (Englische-Version) (mit OVP) (gebraucht)";"1";"2"
"9072492";"XBox 360 - Elder Scrolls 5 Skyrim - Collector's Edition (VORBESTELLER) USK18";"0";"0"
"9024864";"Nintendo DS - FIFA 08";"0";"0"
"4141734";"N64 - Mace - The Dark Age (mit OVP) (gebraucht) NEUWERTIG";"1";"2"
"9046594";"N64 - Original Controller #tÃ¼rkis-transparent NUS-005 (ausgeleiert) (gebraucht)";"1";"2"
"2083503";"PC - Pilotensimulator Airbus + Concorde (NEU & OVP)";"0";"0"
"9069261";"Playstation 2 - Lake Masters EX (nur CD) (gebraucht)";"1";"2"
"9068331";"GameBoy - Spell Checker and Calculator (Modul) (gebraucht)";"1";"2"
"3603713";"Saturn - Trash it! (NEU & OVP) ";"0";"0"
"5802507";"SNES - Cool Spot (Modul) (gebraucht) ";"1";"2"
"9050654";"GameBoy Advance SP - US Netzteil (gebraucht)";"1";"2"
"4820339";"Game Gear - Magic Knight Rayearth 1 (Neuware) ";"0";"0"
"5002234";"Xbox - Outlaw Volleyball [auch fÃ¼r Xbox 360] (mit OVP) (gebraucht)";"1";"0"
"2084740";NULL;"0";"0"
"1002790";"PC - Demopaket! 20 verschiedene Spiele/Demo CDs B17 (mit OVP) (gebraucht)";"1";"2"
"9057199";"Playstation 2 - 7 Wonders of the Ancient World (mit OVP) (gebraucht)";"1";"2"
"9074699";"GameBoy Advance / GBA - Charge Stand fÃ¼r GBA SP [Logic3] (gebraucht)";"1";"2"
"4555769";"Nintendo DS - original MP3 Player #AGS-006 [Nintendo] (nur Modul) (gebraucht)";"1";"2"
"2067607";"PC - Warbirds: Dogfights (NEU & OVP) (Vorbestellung: Erscheint am 30.06.12)";"0";"0"
"9022884";"PC - Shadow Ops";"0";"0"
"9027553";"GameCube - Mario Kart Bundle (inkl. Konsole Black, 2 Controller & ZubehÃ¶r) (gebraucht)";"1";"2"
"9007659";"GameBoy Advance/DS - Duel Masters - Sempai Legends (Modul) (gebraucht)";"1";"2"
"4200277";"Game Gear - Taz Mania (Modul mit Anl.) (gebraucht)";"1";"2"
"2079030";"PC - SW Old Republic Online (AT-Import) 30 Tage inklusive kein Umtauschrecht (NEU & OVP) USK18";"0";"0"
"9042170";"Dreamcast - Konsole + Who wants to be Millionaire (engl.) + Controller + ZubehÃ¶r (gebraucht)";"1";"2"
"9040119";"GameBoy Advance/DS - Catz (mit OVP) (gebraucht)";"1";"2"
"5815429";"Specials - Game Cartridge/Patrone fÃ¼r Factor 5 Konsole (NEU & OVP)";"0";"0"
"2079981";"Blu-Ray - EnthÃ¼llung Min: 131DD2.0WS (NEU & OVP) (Vorbestellung: Erscheint am 09.03.12)";"0";"0"
"5805375";"Xbox 360 - Xport (verbindet Xbox 360 und PC) [Datel] (NEU & OVP)";"0";"0"
"2064350";"PC - Risen PC GOTY Game of the Year Edition (NEU & OVP)";"0";"0"
"9064141";"Playstation 1 - Action Bass (CD mit Anl.) (gebraucht)";"1";"2"
"5811168";"GameCube/Wii - Urban Freestyle Soccer (mit OVP) (gebraucht)";"1";"2"
"2080058";"PC - Ghost Whisperer (NEU & OVP)";"0";"0"
"9069220";"GameCube/Wii - James Bond 007 - Nightfire (CD mit Anl.) (gebraucht)";"1";"2"
"5833310";"PSP - Dungeons & Dragons: Tactics (NEU & OVP)";"0";"0"
"2063550";"PC - Pflanzen gegen Zombies (NEU & OVP)";"0";"0"
"9060922";"PSP - Daumenkappe fÃ¼r Joystick (Neuware, Bulk) ";"0";"0"
"2082905";"PC - Bejeweled Twist (NEU & OVP)";"0";"0"
"9030609";"Nintendo DS - Wheres Waldo (Wally)?";"0";"0"
"9006718";"GameBoy Advance/DS - Advance Wars (Modul) (gebraucht)";"1";"2"
"9068261";"Playstation 2 - Konsole Slim #schwarz (inkl. Dual Shock Controller & ZubehÃ¶r) (gebraucht)";"1";"2"
"3992829";"PC - X - Beyond the Frontier (mit OVP) (gebraucht)";"1";"2"
"9047004";"GameBoy Advance/DS - Bratz Rock Angelz (Modul mit Anl.) (gebraucht) ";"1";"2"
"5815603";"Nintendo DS - Lite - Netzteil (Eaxus) (Neuware)  ";"0";"0"
"9049455";"Playstation 1 - One (mit OVP) (gebraucht)";"1";"2"
"5826402";"Xbox - Madden NFL 07 (NEU & OVP)";"0";"0"
"2086946";NULL;"0";"0"
"9046957";"N64 - Cruis'n World (mit OVP) (gebraucht)";"1";"2"
"9032689";"Nintendo DS - Brain Quest Grades 5 & 6 ";"0";"0"
"5803529";"NES - R.C. Pro-Am (mit OVP) (PAL-B) (gebraucht)";"1";"2"
"9050656";"GameBoy Color - Aufbewahrungstasche #Lila (GBT090) (gebraucht)";"1";"2"
"9071332";"Wii - Emergency Heroes (mit OVP) (gebraucht)";"1";"2"
"5813121";"PC - Gabriel Knight 3";"0";"0"
"5815313";"Game Gear - Madden 95 (Neuware)";"0";"0"
"9072134";"Wii - Wii Fit (mit OVP) (gebraucht)";"1";"2"
"9061767";"PC - Knights of Honor (gebraucht)";"1";"2"
